users,precision,recall,mape,commonResto
Q8CLfv38ArMpPvv-8Wi-gQ,0.0,0.0,NaN,0
bv-_iTWHzZucGb8mS_OAJg,0.0,0.0,1.0,0
68PRn5eAVHV1SYHWmdnPkg,0.08,0.125,0.875,2
20CagUV7kGKjHpYzlIV_GA,0.0,0.0,NaN,0
mrru6hbeQLvagU4vkfuqmw,0.0,0.0,1.0,0
656Y-LLKJMBNUBkuRB4SyQ,0.0,0.0,NaN,0
HZyIDRzPteWN2PSiRhxmuA,0.0,0.0,1.0,0
hVSEgVPv5y6ELYfQhIe6NA,0.0,0.0,1.0,0
m-2OHy6aP26oefPIiiTocg,0.0,0.0,NaN,0
UwaWaPfhe4ausLjH_OxGWA,0.0,0.0,1.0,0
CdUZIzSe0GJ7qxq4BU8pQw,0.04,0.1111111111111111,0.8888888888888888,1
TY--zvtIzIba2C2aszyNnQ,0.0,0.0,1.0,0
MFnXQb1R1IGLL_-W4oflJw,0.0,0.0,NaN,0
UmTMCfPlhA6kJLAsLycSfg,0.0,0.0,NaN,0
dV4RJbS5AARppHnAFAHUTA,0.0,0.0,1.0,0
q4O6ty6-tMeG1nc0Vi4hAw,0.0,0.0,1.0,0
eTLv_JIPxrwZECVLSKgG_w,0.0,0.0,NaN,0
ldbQ6iN7PYZl-1YCATvUSQ,0.04,0.09090909090909091,0.9090909090909091,1
0zZu8qhsmZlzD4Ge2L_JaA,0.0,0.0,1.0,0
yQelw2nnzrK7Y7XbBX8Pyg,0.04,0.2,0.8,1
242-DHMPDzfjYrb45dd9ZQ,0.04,0.07142857142857142,0.9285714285714286,1
EC5TGpxONfz4IZIjML0DpQ,0.0,0.0,1.0,0
4sGwJy5Oplz8QXLgD8dr2w,0.0,0.0,1.0,0
O-CJSgFUDt0LqqsGA2zKqg,0.0,0.0,1.0,0
GERRIWMslcP4-O6mLErPSQ,0.0,0.0,1.0,0
dA4xLSj4stgmHgblQhz0eQ,0.0,0.0,NaN,0
A9PzIlg1jlezCcpuN9V8UQ,0.0,0.0,1.0,0
ouBabHrFc95KNXldoqeIsw,0.0,0.0,1.0,0
V4TPbscN8JsFbEFiwOVBKw,0.0,0.0,1.0,0
J0g-zpTGHUu9wdsE0C4ljQ,0.0,0.0,1.0,0
d3zFr4UyL1JNI-rZ-90oOQ,0.0,0.0,1.0,0
99p8Y9nbXRBN3FaRPqPKmw,0.0,0.0,NaN,0
yRB4UrgnLs3BxbVM1QQ0Gw,0.04,0.05263157894736842,0.9473684210526315,1
Msev2FHJ8HUNl9hHo9Hl1w,0.0,0.0,1.0,0
5bSjgj1d0_35ZK76JQ4tOA,0.0,0.0,NaN,0
aZvNQg3zSF7sPHMJvSTOpw,0.04,0.09090909090909091,0.9090909090909091,1
TSpDFBMFx5ug2mvA5lHrPg,0.0,0.0,1.0,0
B43lamWLF3j2AamQ5a0w7g,0.0,0.0,1.0,0
yfhchNS9zMnnIGYnRC218g,0.0,0.0,1.0,0
FwgT_pZzsLCRPROEonT0fQ,0.04,0.1111111111111111,0.8888888888888888,1
QxBIfPH-0JoOPpBKVQg8Bw,0.0,0.0,NaN,0
d3EqggaHzuON2t7k1Z30Fg,0.0,0.0,1.0,0
mv1IeIs9H8Or5GOi3JHxrw,0.0,0.0,NaN,0
B6nvVUcnj5r7mNll1iCxXQ,0.0,0.0,1.0,0
QZzYd0ax8CvKHU1RGQCnUw,0.0,0.0,1.0,0
Kj9cFO70zZOQorN0mgeLWA,0.04,0.015625,0.984375,1
k5qv7cG89Rpup6wyD0g7GA,0.04,0.14285714285714285,0.8571428571428571,1
5Y0VGDQxeDJUHFvHj4Bg7g,0.04,0.0625,0.9375,1
GQ8l3o7-_jL0WNHUkNlhJA,0.0,0.0,1.0,0
gSO_NFz9zJaddMbldkfOfw,0.04,0.08333333333333333,0.9166666666666666,1
0BaJ43WuBnP-G6fmstEmNQ,0.08,0.07692307692307693,0.9230769230769231,2
g4xr80W9n71ZrFV2JYzJ5g,0.0,0.0,NaN,0
f-eoW1jeCLNRXrx5E05kxg,0.04,0.09090909090909091,0.9090909090909091,1
hAi-sBBQF43tQqVMmEqVew,0.0,0.0,1.0,0
aeJZOuqK4UVGsxI8QHmiXg,0.04,0.25,0.75,1
iRQ_YKpCBdaCwvc2X8_3NQ,0.08,0.02564102564102564,0.9743589743589743,2
_SadovtH8RAjtQL4D6Jczw,0.0,0.0,1.0,0
_5HFgadpCIaSVINVvse2Kw,0.0,0.0,NaN,0
3RU_U3HdYU3AOs_r9rgoBg,0.2,0.2631578947368421,0.7368421052631579,5
bPu0FHiJ9FH5d5PLXo7VEw,0.0,0.0,1.0,0
NilrQC1Lq7t2O1u_54sINQ,0.0,0.0,1.0,0
x4TwK62HyLeO56zGsSN0yw,0.04,0.038461538461538464,0.9615384615384616,1
d5KEW-2mILNf6FieZwDyEA,0.0,0.0,1.0,0
933NaWG9W6Z-1pXMFPKOoQ,0.0,0.0,1.0,0
acMTOeMtsBuNd15pUAy3CQ,0.0,0.0,1.0,0
VVm-TFCpi9M1-k8ED0l1eA,0.0,0.0,1.0,0
nmI6LoOi0zvHaH7rwISRCw,0.04,0.25,0.75,1
FWvAdvaQx02yZKdvr8HpLQ,0.0,0.0,1.0,0
tVq3-awIMYQ-csIFBaDI8g,0.0,0.0,NaN,0
8Dvr-U6jCZTVGD52LwC2qA,0.2,0.09433962264150944,0.9056603773584906,5
dwFgmKO-PzJalyHDSGAT8A,0.0,0.0,NaN,0
q_HfkJHXgS2PmReenAOchQ,0.0,0.0,1.0,0
Or5mSP8ofuX-tfrIQSLBew,0.0,0.0,1.0,0
4d681x3sCw1Q9ySTyTYXlw,0.0,0.0,NaN,0
_zPT9ZmR5-nUfsprzIiRew,0.08,0.07142857142857142,0.9285714285714286,2
uDPgnEv6jZa4CSv6NX49TQ,0.0,0.0,1.0,0
ZrN6jjXI41GP7Oieae6CNQ,0.0,0.0,1.0,0
orh0HRUNCWuQMt9Iia_osg,0.08,0.07407407407407407,0.9259259259259259,2
4YgsqKUEIqtAe9sqxJzlcA,0.0,0.0,NaN,0
6UPWBTOfNoaGRahqTX14Ag,0.0,0.0,NaN,0
tE0aznXzQo-JRbHHHoFmfw,0.0,0.0,NaN,0
YWkIeKGcuRFLwxcTBvn6Yg,0.04,0.09090909090909091,0.9090909090909091,1
Aa5bZsoNRHgYkkw193Wu6A,0.0,0.0,1.0,0
Qsu2EtNn99_oVG9bS4Miaw,0.0,0.0,NaN,0
YJLlvBPtvB8iJg8_WKxVzQ,0.04,0.16666666666666666,0.8333333333333334,1
Du_IfiiJLU0ReeRetapkzA,0.0,0.0,1.0,0
Kl6jNDAE7PG_VVQafIptxQ,0.0,0.0,NaN,0
b9EOHQgkDuWP8WrM3cBzbw,0.0,0.0,1.0,0
DkvaAV7F4Y_rw040k0XGvQ,0.2,0.11363636363636363,0.8863636363636364,5
U83weFx8vCDw7zYO-4FeWA,0.0,0.0,NaN,0
TYiDRwfIUBEos45ERdzeAw,0.0,0.0,NaN,0
oV6h4n33PBH0cs5M3FIuKg,0.0,0.0,NaN,0
i-PZwf519Vu4ybNt9D8oEA,0.12,0.21428571428571427,0.7857142857142857,3
UnlrkIgodDiNitZidgStbQ,0.0,0.0,1.0,0
KbguEE7K0xUXySYI2gcnng,0.0,0.0,1.0,0
Y1N7LPhi3xAq3UBLKWpWNQ,0.04,0.07142857142857142,0.9285714285714286,1
EIqNtsUL1omnECtYJ31ykQ,0.0,0.0,1.0,0
U2A_9kuWAMpvCObHrrSM_w,0.04,0.045454545454545456,0.9545454545454546,1
40HP303ewFN1MuBWgWql2Q,0.0,0.0,1.0,0
qSrV0puglRxyxbwzOS05Tw,0.0,0.0,NaN,0
dSTRQSeCqMTbs7l8KF_xJg,0.0,0.0,1.0,0
-OY3fkHVYy0Dx160rKCiWQ,0.04,0.16666666666666666,0.8333333333333334,1
tVR1J5N9NJLLl2j1eFFdFA,0.0,0.0,1.0,0
w106K3WqXHcvmZ22UeiboQ,0.0,0.0,1.0,0
z53uSRCr7BHaZ5Rmj03yCg,0.04,0.022727272727272728,0.9772727272727273,1
y0Fto7ianqYeO9z-nvxVsQ,0.04,0.16666666666666666,0.8333333333333334,1
0IwZb1ePNpSVYcCdMtGoQw,0.24,0.12,0.88,6
eV5usRjY2cDqNKVv8wXroA,0.0,0.0,1.0,0
OHfTeAhGpJtUMEOe7QLwgw,0.0,0.0,NaN,0
wskTNZjwiqMJOvM_-XAQZw,0.0,0.0,NaN,0
4TVcAVhnypLekIauJyb4OA,0.0,0.0,NaN,0
dAB-v4B-5_8QgTcoVSnZOw,0.04,0.25,0.75,1
dqKGX-Zz61Cz62S86mHNmg,0.0,0.0,1.0,0
BFcBwoxpkKGUIeUzOU0rRA,0.0,0.0,1.0,0
bPUpO-bP6BmAGvSwPyDsng,0.0,0.0,NaN,0
jusKVeP7EUHNkDV8ePyLuQ,0.0,0.0,1.0,0
cbGOTYFn4tZrfaDsNc-4Sw,0.12,0.23076923076923078,0.7692307692307693,3
xPHPmGFANmcblhDfjkt5ig,0.0,0.0,1.0,0
DNlzbI54zCOa4to-vTWBJQ,0.0,0.0,1.0,0
ehzvSXsijzgxsYHvXeaS-Q,0.04,0.07142857142857142,0.9285714285714286,1
mZ1gXzL6Tn5Oky8_j0Kp7g,0.0,0.0,1.0,0
TJpPDsFGNm_MfO6Z3nqfDA,0.0,0.0,NaN,0
XV6EkCsNwzzDbTOwSutsTg,0.04,0.041666666666666664,0.9583333333333334,1
UXpTrzITc0yg08sXftsa-w,0.0,0.0,1.0,0
WrhnuLDFmyu_bB-FLP_gsA,0.08,0.08695652173913043,0.9130434782608695,2
A-IkCqnYosZa49XD9qiSww,0.0,0.0,1.0,0
e3zojPmUy-2vW48PWn7Fpw,0.0,0.0,1.0,0
hFy3pG3uBnWbzYk79nntVQ,0.0,0.0,1.0,0
XXxrsJ3KpTFybcBFpZLYiQ,0.0,0.0,1.0,0
myrcQ3h2G04Gv-ANG_oqrg,0.0,0.0,NaN,0
lMNbGAn2HmHypSJpUsqFNw,0.0,0.0,1.0,0
j6Kv_wLQzZMWobLIyijX3A,0.0,0.0,NaN,0
zh7csWc3GAUksnShzGp-WQ,0.0,0.0,NaN,0
0J9mtVJ4_QGsXYVK8qJzOQ,0.08,0.10526315789473684,0.8947368421052632,2
LPxx7_13EO7O_ZvLqEds0Q,0.0,0.0,1.0,0
pJYRi9MB06aiuL-w8Ms-Og,0.0,0.0,1.0,0
YDAL4CBJcp3xrYgAGVGgaQ,0.04,0.3333333333333333,0.6666666666666666,1
V5k7_bxn26hZrZHbAJQp8Q,0.0,0.0,1.0,0
Iu55D7RAAW8TACA3lN0w8Q,0.0,0.0,1.0,0
bQxs2JWnnXIJU5bkxCovNw,0.0,0.0,1.0,0
EiT_pSuIb08oRn4CfwfMJg,0.0,0.0,1.0,0
_iBliY4plQYZjHj8FCMvjA,0.0,0.0,1.0,0
wBFcKQVAInFxxLydXd_U8Q,0.0,0.0,NaN,0
bTpNQ9u8zcphG9rOy750sg,0.0,0.0,1.0,0
6btMczuTVuoJnmarbkWP_A,0.04,0.08333333333333333,0.9166666666666666,1
6t4RkHusn2QxXZjM81U_Tw,0.0,0.0,1.0,0
XbiKsujS_qxU3xsr0xUqmQ,0.0,0.0,1.0,0
UkwuYrzwLXI_QidhVzUkgg,0.0,0.0,NaN,0
o5hk57cqhWnV1sULPvq1jw,0.0,0.0,1.0,0
tmdcGp6m6-pHjBJ0pBemrw,0.0,0.0,1.0,0
tRmW0n2d_Q4c_TXqfUSINA,0.0,0.0,NaN,0
GdOftL3cyuc7Ir89iIzSvQ,0.0,0.0,1.0,0
mjH-h9O2ZkMiYR9EOkDB_g,0.08,0.125,0.875,2
7hAhYoMPjHnxKCz6MQ95Bg,0.0,0.0,1.0,0
IbwI369hSb9lkdWPeAYmgw,0.0,0.0,1.0,0
SUnyBS7HB3Nv_C78ygbpnQ,0.0,0.0,1.0,0
U1fqtN3FXMPHNafXq4C9nA,0.0,0.0,1.0,0
npL9RrkAslHCf5JURxhl7w,0.04,0.1,0.9,1
KG0xHGP6ozKJg254UYgPDg,0.0,0.0,NaN,0
Ip7GdJmVv1Ju0fsol7y5mQ,0.0,0.0,NaN,0
saehzVQ7qhtc1v4bQdQ8Wg,0.0,0.0,1.0,0
t-0_us3OTzs_ZhKy6fcamg,0.0,0.0,1.0,0
axNHjLGaj_aFtx-yS0q_Dg,0.0,0.0,NaN,0
oDtyajyLhV6iG8aBSwlQVg,0.0,0.0,1.0,0
-d2daWmftYumOaYpbD5D8Q,0.08,0.11764705882352941,0.8823529411764706,2
D8iGf2Sf9NrNw62wptur5A,0.0,0.0,1.0,0
2AxoUMKy4fM-WikXbIPcmA,0.0,0.0,NaN,0
8P2LkzPGV4ID_fE7gJGKGg,0.04,0.043478260869565216,0.9565217391304348,1
VK2TcRhK1vboobxmETDm5A,0.0,0.0,1.0,0
mj22XHVEWOe-mRh7GFuD9Q,0.0,0.0,1.0,0
ymI50mq1Vcf-J6GTtXTnQw,0.0,0.0,NaN,0
x0cMhVpUcYYHoLdrWSNIMg,0.0,0.0,1.0,0
k34ZlKQwy_ybVlYzeoBlbA,0.0,0.0,1.0,0
xYciRtVZ1PW4IxSX4oJ1aw,0.0,0.0,1.0,0
mzViENEM0MKHmIw0Mjo58Q,0.0,0.0,NaN,0
FYAkhIj29gyWD_Lte1v7SQ,0.0,0.0,1.0,0
ZoejY7GfNKHK0P1OVWQ07A,0.0,0.0,NaN,0
JLv2Dmfj73-I0d9N41tz1A,0.08,0.13333333333333333,0.8666666666666667,2
HAv4iHgSyMS4HKwl5hb98w,0.0,0.0,NaN,0
Qku2_2s2rXOj5BxkuHp0EA,0.0,0.0,1.0,0
esJ5E0pfjQ0UhSDVaix6Pg,0.0,0.0,NaN,0
0_iROv6FL4KCveV916IpTA,0.0,0.0,1.0,0
p8Pjhqm4dopSUdnMN5_6Uw,0.0,0.0,1.0,0
9WjF9IKOYhBWQGW5RR5Spw,0.0,0.0,1.0,0
TYj0omarAZbxpVggjkreGw,0.0,0.0,1.0,0
UoNEitmZyw8uw_MXDLjo9w,0.0,0.0,1.0,0
JInn7zPqOxhea4l8PUsBPA,0.04,0.0625,0.9375,1
k0hZPaZjS1y8A-gxGjWsQQ,0.0,0.0,NaN,0
5Sn9uNj5aXS9zfaY9s8y1A,0.0,0.0,1.0,0
PTcKYk_qU-WzbQjraE3TgQ,0.0,0.0,1.0,0
AghKXr53xNvKjh_A5Ur1GQ,0.0,0.0,1.0,0
7_RaCe5zzPBYWm9znlffUA,0.0,0.0,1.0,0
jz1_R_ilTsC-Kqc04oa3IA,0.0,0.0,1.0,0
eOTzkS-by4pVwwCVrifmqg,0.0,0.0,1.0,0
tHWq61FmO0Vrd4qStq3g8Q,0.0,0.0,1.0,0
OZWskTOKCWvYejhu63gFmQ,0.0,0.0,1.0,0
hTZb1INhnCG8URaFywVoYQ,0.0,0.0,1.0,0
veqfgg2AkKs_L70fx1Quag,0.0,0.0,1.0,0
JndpB8cHO8py4bbB8uCV3w,0.08,0.15384615384615385,0.8461538461538461,2
TpyOT5E16YASd7EWjLQlrw,0.0,0.0,1.0,0
0uNxhZAFbkalQImzJ6UDUA,0.0,0.0,1.0,0
gSLQ-2A7b_d1JmXzN5jFzw,0.0,0.0,1.0,0
Dh4HFUiw9Ip5wFQM_kEbbw,0.0,0.0,NaN,0
4pmNxufbrzc5u8MwNdRyuw,0.0,0.0,NaN,0
2Z0Ey157Bkny4qk5qdLyHQ,0.0,0.0,1.0,0
pZsVUkMb4yGMGoTRzNS7Ew,0.0,0.0,NaN,0
MbBhClrXyu8-Mk5wW5y8tg,0.0,0.0,NaN,0
uHZr3XbjKvRTwdXLXrFuvg,0.0,0.0,1.0,0
qCYSdhsOzHBKT-V72BiYNA,0.0,0.0,1.0,0
1Ap_OW4nUq5njHTCFJxspg,0.0,0.0,1.0,0
79-Jme5Z9rQMzM_rTZlNvw,0.0,0.0,NaN,0
j6wLUT0ZXi-x0otelYIFpA,0.0,0.0,1.0,0
UGnUriMZaAzzyu5KT8viKg,0.04,0.08333333333333333,0.9166666666666666,1
8zXgNCkusOHMwh5Tj_8yCQ,0.0,0.0,NaN,0
-3Kq9ssSot4QizbPYO6ZQQ,0.0,0.0,NaN,0
Fsl7fnXttgugpoyuCJ0zkg,0.12,0.08571428571428572,0.9142857142857143,3
zIAql6Ztx6xsG5cBLpDiJA,0.0,0.0,1.0,0
aIg29snwGTFBzkV7HtDHfg,0.0,0.0,1.0,0
--Qh8yKWAvIP4V4K8ZPfHA,0.0,0.0,1.0,0
HFItzRohDHZvcKDrM6ABZg,0.0,0.0,NaN,0
jqFdVLWIAuZ4olXcDAkXkQ,0.0,0.0,1.0,0
X-VOe5bzT9EJu_L_Bt0nLQ,0.04,0.05,0.95,1
_JpQ84FfRPG0TTw_T0zR_A,0.0,0.0,1.0,0
AxyQGSEnCh04H2_wSLrTtg,0.0,0.0,1.0,0
U28XN1IGtjsQL2DUxr7FKg,0.08,0.09090909090909091,0.9090909090909091,2
bg9FRc71Daub48GmIKfX_A,0.0,0.0,1.0,0
Jn8louhYd-BA7m9AqdRciA,0.0,0.0,1.0,0
WkSTxTkTfFC9G3uo6m3H5Q,0.04,0.1111111111111111,0.8888888888888888,1
yJaaQqzlcIdRIJD5w1lJag,0.0,0.0,1.0,0
fiz9Y2dagXIEq0w8FGOGnQ,0.04,0.06666666666666667,0.9333333333333333,1
n2WdvOLYvMHQJxPD8rpZYg,0.04,0.16666666666666666,0.8333333333333334,1
69y7eZP22sPr6fJ_fxGB9g,0.04,0.25,0.75,1
BNKWo55_3v5WNUgj-hsDZg,0.0,0.0,NaN,0
yrhB_rQyrmSQ8WFSHxzaEQ,0.08,0.2222222222222222,0.7777777777777778,2
Y598FH7fNMq45DkVSbN0DA,0.0,0.0,1.0,0
H4ECp8d_jYLGHsPCgD5ltw,0.0,0.0,1.0,0
aomkMAGFrL-gD6cqQjB4bw,0.0,0.0,1.0,0
YOOsYiXGEtGFX_wSeZNcww,0.0,0.0,1.0,0
JqY7eDmwwtjSYJaUqv0Izg,0.0,0.0,1.0,0
WzNDoQ3Th4eqj_SOkR7zIQ,0.08,0.1111111111111111,0.8888888888888888,2
HkJ1p-QlRx6FJztgjr4Vnw,0.0,0.0,1.0,0
EdDmKiz6V89g6Dws9I4AKA,0.0,0.0,1.0,0
YQxd76rE_mCi1ii361GDNw,0.0,0.0,1.0,0
Hci2c0qo98CO-Pv-VmV7gg,0.0,0.0,1.0,0
bCLqNCdhUdsmTj9Braespg,0.0,0.0,1.0,0
FlroRLQ6hWhRApL9tWSO5A,0.0,0.0,NaN,0
ay1vHGcKovq8tBeTvqJ38w,0.0,0.0,1.0,0
bIXj8nZWd9f3vEHzPUJ4lg,0.0,0.0,NaN,0
Wu0yySWcHQ5tZ_59HNiamg,0.0,0.0,1.0,0
56_DKQpK4tT0rWLt4-DZOQ,0.04,0.125,0.875,1
2qP4V0sCtYSQg95ZfUlmNw,0.0,0.0,NaN,0
bz3Reh0S84qJjAAB_hpl3A,0.0,0.0,1.0,0
F_SLKO6rcypQbbZEm-yRRQ,0.0,0.0,NaN,0
VMKn920nDRBFNwp-IUE5VA,0.0,0.0,1.0,0
mH8UvY1RjUTjfKejkIxPzA,0.0,0.0,NaN,0
66R-1FGOg7SoJLtkSXVfuQ,0.0,0.0,1.0,0
VI3WYpyaWGj-jtz3CkMP2Q,0.0,0.0,1.0,0
FSzxEJHeDjEB6Lsotqc1Qg,0.0,0.0,NaN,0
oPVY6-CJt2EI335lKWwxmg,0.04,0.1,0.9,1
gXQfe8T1UvMpmR5rcWpGWw,0.0,0.0,NaN,0
AOmYtTcKe0NHtTgX9nbGSg,0.0,0.0,1.0,0
ZRwZ3xFwtlRu1p4ydvca4g,0.0,0.0,NaN,0
lARJ4ih-0IVq1hvwhhiyuA,0.0,0.0,1.0,0
pR0DlDaMaMHsBM9P6otqkw,0.0,0.0,1.0,0
Z09rco1enQXNCd9H0u7kvg,0.08,0.05555555555555555,0.9444444444444444,2
o4fX4RPaovJfle7ubAD_tw,0.04,0.043478260869565216,0.9565217391304348,1
rS6v4WRa2gc36vVZN-BdCw,0.0,0.0,NaN,0
fkdrvWbTnW3NSaAQDQ7m9w,0.04,0.037037037037037035,0.9629629629629629,1
P7EV3yrn1PLHDBX6rF6qIg,0.0,0.0,NaN,0
OLR17R3IDhFEUXoiuT_9fQ,0.0,0.0,1.0,0
5gYF8vCPu6bs7kJ4dIB-9A,0.0,0.0,NaN,0
Ao-6FYE29-I8WwPg67806A,0.04,0.029411764705882353,0.9705882352941176,1
tX4d5ktzse4TPxNOds4VCw,0.0,0.0,NaN,0
NCBwH9Xx3zNFmH5rk2M_FA,0.0,0.0,1.0,0
1ickSuyOWWKWdQpauKmkEw,0.12,0.16666666666666666,0.8333333333333334,3
rp10AQdPM9MIxNzxj6SOZw,0.0,0.0,NaN,0
GPASJQMtRKQ5kxlXK29UjQ,0.0,0.0,1.0,0
YuiHy5G_2y_GB3_iHeJToQ,0.0,0.0,1.0,0
gMfkWTxRVZtJAMm_adQKsQ,0.0,0.0,NaN,0
CwkEpm0lCai2cJZIp_MMiQ,0.0,0.0,1.0,0
aLvxbF2DueKFOqul9eVWCw,0.0,0.0,1.0,0
zbSBmoujGgIPuNWQcny14g,0.0,0.0,1.0,0
XuCbLgo9j1q5dDh9251vkg,0.0,0.0,NaN,0
WgaycWkFXshvGtct42d_-w,0.0,0.0,NaN,0
GXVEhnIM1CpiGj9TZehxGw,0.0,0.0,1.0,0
lhyNuR1HIZ0Ym7A0ydLzmA,0.0,0.0,NaN,0
74goFJSWzAwmk69XfPqEag,0.0,0.0,NaN,0
DoUEOgllx0VTLCn5uyciOA,0.0,0.0,NaN,0
YRcaNlwQ6XXPFDXWtuMGdA,0.0,0.0,1.0,0
0xRAAStEi_dBFLD-1xSMHQ,0.0,0.0,1.0,0
y3MNMa0SG_cHC1cwmmntpQ,0.0,0.0,NaN,0
_9WN_qmjbbRu6eFCMVXokw,0.0,0.0,1.0,0
H3tbSSoX5FbCyKxl4Fu6gA,0.0,0.0,1.0,0
D-vYE3HILl7Qk1UhYqZXYQ,0.0,0.0,1.0,0
1l4xyCisqnaDQzLnPDS0yA,0.0,0.0,1.0,0
sWKaLjpYG6VABf23CXDhyA,0.04,0.05555555555555555,0.9444444444444444,1
oZyiiNdA-I5zk_EHUmGRMQ,0.0,0.0,NaN,0
OLFjrEeRX9xVESXUqFzmkA,0.0,0.0,NaN,0
aU8saUu9QhSFvnYeUsxO-A,0.0,0.0,NaN,0
k7tSOhkjxuJ1EMkeaBbXyA,0.0,0.0,NaN,0
LaO4FZ2yPbqRjlv6QoaUJQ,0.0,0.0,NaN,0
mI4JiIhxbL_oNC6Dkd7pZg,0.0,0.0,1.0,0
sEgDGPj3qKwxE-E1S2MX6g,0.0,0.0,1.0,0
MbC0xPzIdGkFMCpPb8yWDA,0.0,0.0,NaN,0
PGx4HvY5joEeqXzam6tO7A,0.0,0.0,1.0,0
uEEcEP_48tYFq7PabMBP5g,0.0,0.0,NaN,0
hre0l9gB19w6cIbapFbFgA,0.0,0.0,NaN,0
Xwnf20FKuikiHcSpcEbpKQ,0.0,0.0,NaN,0
HWIDUXNyTiWFYZBXnXHlJQ,0.0,0.0,NaN,0
DFzs85LXiL3xNfzuaFAEOQ,0.0,0.0,NaN,0
Qx8WMsFNHBfx6rIH_G0nBw,0.0,0.0,NaN,0
4PPHan2Iq6hhgXuMdraYhA,0.0,0.0,1.0,0
jkVaPj3MIS69-OcfX0c_CQ,0.0,0.0,1.0,0
TUy0cc8WDC-iZTYt_pJ7bQ,0.0,0.0,NaN,0
VnKj044Tt5doqaVDIJbWsw,0.0,0.0,NaN,0
jdYjyxjoxjnKoStcIhXKpQ,0.0,0.0,1.0,0
Mfypzn4xVySfWW_hb0pyaA,0.0,0.0,1.0,0
fxEoLJp5wTyw2sc5dmktrA,0.04,0.16666666666666666,0.8333333333333334,1
2Rw4bXIrKd94be-BXMzoyw,0.04,0.07142857142857142,0.9285714285714286,1
0uacsMYppmm3Kl1bpWIOxQ,0.0,0.0,1.0,0
8qY0rSk-AUtCAl8th4ru2A,0.0,0.0,1.0,0
YgC5A_oMsF4n7zOcSJ55tA,0.0,0.0,1.0,0
XfQloz-i6NywnjZl0OIzwA,0.0,0.0,1.0,0
vQ5TMhkJHt8Wt8A1kDAzbg,0.08,0.14285714285714285,0.8571428571428571,2
TZelLnaGbHgaG7LBI6rfgg,0.0,0.0,NaN,0
j1v4hTEcb9Nnm5aQhlJ3OQ,0.0,0.0,1.0,0
FWDwuX8k8dwUICg8EG9dUQ,0.08,0.1,0.9,2
C3aIEUOx-vrHAeGVDnMAjg,0.0,0.0,1.0,0
BOijsp9rwVGS4ScmOMf9bg,0.0,0.0,1.0,0
oqOd-BdSCHGirleO3UwLjA,0.0,0.0,1.0,0
73-0YwihQK87y7oH_pO_1w,0.0,0.0,1.0,0
Bg9UeLdxCMJpQWu9fvYTJA,0.0,0.0,NaN,0
pn_flI3EBNugBEYFp9okxQ,0.04,0.03571428571428571,0.9642857142857143,1
lJzgOpVS1pmb2UW7j2GkDg,0.0,0.0,NaN,0
UMVPoZ5YYewEmVZLBPpXSg,0.04,0.058823529411764705,0.9411764705882353,1
27Q8zHOTOTz-w6HB2sk3oA,0.0,0.0,1.0,0
wky4BZxCELi4PZcvb11qYQ,0.0,0.0,1.0,0
hYnq9-wO-RzmiTTGMCNJgA,0.0,0.0,NaN,0
yL60onlTh1BmJKVLli_K3g,0.0,0.0,1.0,0
Kh0cFp8G0CPAtyphCKxkiw,0.0,0.0,1.0,0
U-Jeag9UdHNNGOkA7VkWCg,0.04,0.07692307692307693,0.9230769230769231,1
PRJMe-RgFnCEhyy7tf3DmQ,0.04,0.043478260869565216,0.9565217391304348,1
SuOLY03LW5ZcnynKhbTydA,0.04,0.16666666666666666,0.8333333333333334,1
4WoAauE_v-vwMuQ665rMyA,0.0,0.0,1.0,0
gbWMEA_d0EBlBeLqyGvPng,0.28,0.2692307692307692,0.7307692307692307,7
Ydv1CUhVtIaBFmVf_rmuyg,0.0,0.0,NaN,0
1LpChUg-0EqRKRKzL4ogYA,0.0,0.0,1.0,0
7WMbeIW3DTQE1HTYy3Gm8A,0.0,0.0,1.0,0
zhS9cyzz2XwJADcikGsc9Q,0.0,0.0,1.0,0
dIUgat-6igSF6hfhYWyhgw,0.0,0.0,1.0,0
2oMkzQcRL7-d7URt3Xo_Xg,0.0,0.0,1.0,0
e0AUdCu-jeOkLImiEzlTDg,0.0,0.0,1.0,0
JXfXkpQHldAYosTJ7EO4EQ,0.0,0.0,1.0,0
zZy5Jljx7rEvISiJ2isJpA,0.0,0.0,NaN,0
rzfZS51IRQiws8BHoPSm4w,0.0,0.0,1.0,0
oBc0gQ4RpFrqzpNlH6_epA,0.0,0.0,NaN,0
-9SoHrhiiUVmx6-MkyR4RA,0.0,0.0,NaN,0
_iX2q6GKxrYVrcGpEYwUWw,0.0,0.0,1.0,0
JrXC_MDp38BWwLn2SFdNsA,0.0,0.0,1.0,0
v2JbRxUd18qL80IcYJOQtg,0.0,0.0,1.0,0
TwMSmTQjxVWJSJnErBIXlg,0.0,0.0,1.0,0
XCDxUzBSY8-JOvcp4jqpvg,0.0,0.0,1.0,0
7HFkF9A2xaHxLqwcFnJ0JQ,0.04,0.045454545454545456,0.9545454545454546,1
fAfGwjh5A_ydd0A4ZdGenw,0.0,0.0,1.0,0
Em4XpeXTKXVy4GjBL291pA,0.0,0.0,1.0,0
2gZrgKYdAx92XvEhpHhWzg,0.04,0.09090909090909091,0.9090909090909091,1
pVj37cy4Y6FfH9YIlEhsZA,0.0,0.0,1.0,0
q5OhW8ne_hteHo6xLHNUPg,0.0,0.0,NaN,0
yHykh6VFpsH_V62bRaq3FQ,0.0,0.0,NaN,0
PHQ1uBpt3MLlDl3jzEs4QA,0.0,0.0,1.0,0
BP4ZKnXMDkBZ5Z1tBfGHQg,0.0,0.0,1.0,0
QqkTSDnhyCXJqe5y8PdT2A,0.0,0.0,1.0,0
Tf3VaWx72MWrLJiuaEbftw,0.08,0.2857142857142857,0.7142857142857143,2
L8GB1sEXJrVfR-UsDRjI-g,0.0,0.0,1.0,0
lBIfa3INjAj_z2_amlnq3w,0.0,0.0,1.0,0
ULgXqB_bArS3uN4Qo_KvZQ,0.04,0.0625,0.9375,1
8EPHywVzuKnevp2zAzbMug,0.0,0.0,1.0,0
X5whw8WcB8dVZGZ5vGnSLg,0.0,0.0,NaN,0
KC6RQlajTSBY-VrZeme2hA,0.0,0.0,NaN,0
wxaAnhOsEpXj-kK7qBdMSA,0.0,0.0,1.0,0
h9y55WNNg7SYg3kQwzTMmQ,0.0,0.0,1.0,0
RX1D12KuO7FDcLZR5AOVrQ,0.0,0.0,NaN,0
4xyYBC5MIe-GfDj6kAdAFw,0.0,0.0,1.0,0
2_J91lZzqXOYyYeNcVd2YQ,0.12,0.13636363636363635,0.8636363636363636,3
JDwWpPAaKiLpwGVjsvxAHA,0.0,0.0,1.0,0
HgCv2lm-GuACRanD7bSqyA,0.0,0.0,1.0,0
YEDnTf7d6RyXKEHDGqi9tg,0.04,0.1,0.9,1
WFYg4CL8ZIeeQ-N9m31EOA,0.0,0.0,NaN,0
V2eaG6oyce4W_RRlYq9TRg,0.0,0.0,1.0,0
wdeWt5VqTW26PAeQsVg73g,0.0,0.0,1.0,0
B4Rwp0SUYwO8lgSHVT9w5g,0.0,0.0,NaN,0
VcG1-3tggl1JQHL1JWjAww,0.0,0.0,1.0,0
zsJFjhBQEFQ6gJ7BsNM_Ug,0.0,0.0,1.0,0
148jNH5eI1ZHXLOm1DHiFg,0.0,0.0,1.0,0
5DcDiCJETu5EklCDdXtnLw,0.0,0.0,NaN,0
fYJGKhZK2FZckYWDMdCooA,0.0,0.0,NaN,0
tWBLn4k1M7PLBtAtwAg73g,0.0,0.0,1.0,0
PPoyAvsh-x8-DWws-tPpjw,0.0,0.0,1.0,0
-B4Cf2XLkPr9qMlLPHJAlw,0.0,0.0,NaN,0
k58KNO8Rya-q8njKq8-uBQ,0.0,0.0,1.0,0
mu0HokS1Ly9_QZDRHEPQ8A,0.0,0.0,NaN,0
98mza_ogSAgNS8tGY9G1bA,0.0,0.0,1.0,0
LmWO_u9v7e1vMJlNykjUoA,0.0,0.0,1.0,0
v5z-MFUNA4zApZXW-omJnA,0.0,0.0,NaN,0
eMcT_F41kJzVtAiTPDzIUA,0.0,0.0,1.0,0
R1reG7vADOsjbw388rH88Q,0.0,0.0,1.0,0
OiRnzvW40RQ6tqcgk4jv1Q,0.0,0.0,1.0,0
V_9bVLNL6dI06ijG4o-zwA,0.04,0.125,0.875,1
_RvEDmpbQZulEdAV590QKg,0.0,0.0,NaN,0
Kib7CLruGTMwG57uRWCPHQ,0.0,0.0,NaN,0
1bgWnqxHdMCIvmuRcJWKIA,0.0,0.0,1.0,0
0Je69cYTpxTkVT-06Dj6Xw,0.04,0.07142857142857142,0.9285714285714286,1
aX6_Pf3njB-H3FrqgnNJ2g,0.08,0.03773584905660377,0.9622641509433962,2
PFNZVn73upq3oZDG2KnAqA,0.0,0.0,1.0,0
AIY5EY9dF8ZyvNsIohrX5Q,0.0,0.0,1.0,0
cdpO0F0kGP07FVCRp8RBXw,0.08,0.3333333333333333,0.6666666666666666,2
PW_75-OTzdPzQvNrAkNqBA,0.0,0.0,1.0,0
6ueevtufcbKSu9ZT5DofvA,0.0,0.0,NaN,0
Ukfww2y_kkyYkt66DB8B-Q,0.0,0.0,NaN,0
_1UbhUyIKUxBV3pKwPCB9Q,0.0,0.0,1.0,0
UlDSb1B22ON7WXcY3JbmNQ,0.0,0.0,NaN,0
ADx3PGAOX_ZaYywIf6i-ZA,0.0,0.0,1.0,0
eeBt7Uo5FOXwvaLIeW3fGA,0.0,0.0,NaN,0
w4eoQ02N63vHK6ClfV1Azw,0.0,0.0,NaN,0
uz5-sq6wHrXScrIWb8r1Mg,0.0,0.0,1.0,0
kxz6Q2AERQeo9x6nnbHZNg,0.0,0.0,NaN,0
d8Nz9m-8pYosZKPjd9yNBA,0.04,0.037037037037037035,0.9629629629629629,1
ltg5Pgd5x7K7zpYtXxMPZA,0.0,0.0,NaN,0
DOZtiJTh6ZYsZJcXgPrdBg,0.0,0.0,NaN,0
kilYR6-636Evw11BOkxpQQ,0.04,0.05555555555555555,0.9444444444444444,1
eZHvHgAqGw3x4uLXL3J8KA,0.0,0.0,NaN,0
c7TTh6A7ELnkNThQ5fmWMQ,0.0,0.0,NaN,0
B8opqyAy30zdPyr4gQkhLA,0.0,0.0,1.0,0
Nq6e5N8bjgD9B46O4va_zA,0.0,0.0,1.0,0
ulk3n0JW8tWnQ83C7m8z9A,0.04,0.030303030303030304,0.9696969696969697,1
djpMXOA1ic5wv3FPtubHNw,0.0,0.0,NaN,0
XIkPvspzRAoEp7McGt9rdw,0.0,0.0,1.0,0
u4iBXHU_ZCUIXymxkcsHdA,0.0,0.0,NaN,0
ngBDdwtpgtfFc9LNQT2Lzg,0.0,0.0,1.0,0
NHM8o6MxOKiRasbRS0oswA,0.0,0.0,1.0,0
t9e9-sMgkg0DhNHzstc1Ww,0.0,0.0,NaN,0
EyYVD9n7PlYYLTSEQ5t14w,0.04,0.09090909090909091,0.9090909090909091,1
Rg-86Gr5Oe8ODoMUfr1M1Q,0.0,0.0,NaN,0
Bf-X9oxiiRvzgrwguUWoeg,0.0,0.0,NaN,0
hFvLG_m26hYMx1UGQSpaEg,0.04,0.041666666666666664,0.9583333333333334,1
Lf6gOscwjsCKM4OKDdtDyw,0.0,0.0,1.0,0
gQ7jvafqJcnCG-ZPGFORmw,0.0,0.0,1.0,0
0Zswwlz4NzUJoG-skyWzIw,0.04,0.02702702702702703,0.972972972972973,1
PWSPlt5Oy1KRSWGjRg5tIg,0.0,0.0,NaN,0
ftVevYWc9CQvPSRv5AMiVQ,0.0,0.0,1.0,0
YlQDJExT8gHHcXMiv9geQw,0.04,0.05555555555555555,0.9444444444444444,1
5AKt52TW50eWHk9Ia03uzg,0.16,0.11428571428571428,0.8857142857142857,4
Ub9vmuhYMCgzzWEynAbXDA,0.0,0.0,1.0,0
J2Aii7GdFK7Caxem6pk7rQ,0.0,0.0,NaN,0
XQeuQoE2dtxEmMTp2GyHVg,0.0,0.0,1.0,0
dEDId4Rp2JpblIfYIoH00w,0.0,0.0,1.0,0
xzdEPPOsLzRiHN9Z3nPKag,0.0,0.0,NaN,0
jwctwzboGhQmtC50Juxa9A,0.08,0.044444444444444446,0.9555555555555556,2
iJCtRAlSvxiUuKlVAnsq0A,0.0,0.0,NaN,0
z6gseuVl0cR7tRLQa_DXuQ,0.0,0.0,1.0,0
3uWCWMWcrn8YSH_qBvlr6w,0.0,0.0,1.0,0
KMPR0rb2m0YbLpWXrqp20w,0.04,0.14285714285714285,0.8571428571428571,1
CBMGR5XJedQOyXfDnS9KMw,0.04,0.05555555555555555,0.9444444444444444,1
Ed7eipVLDWj967zsxUQ5QQ,0.0,0.0,1.0,0
XNbrAATnVNAg1eTjMjn-pA,0.0,0.0,1.0,0
aOjGZMoekjWcarvDwDx5Sg,0.0,0.0,1.0,0
VqO3p3fs8_G2VIgkCQpGJQ,0.04,0.1111111111111111,0.8888888888888888,1
FnZiPH0v5_SPsivENc028w,0.0,0.0,NaN,0
qNiQbJRKCmcf59FqY-pWUw,0.0,0.0,1.0,0
Wbzv0brigvzcvoucryBBsg,0.0,0.0,1.0,0
_ZsXsLg6rHvCzud00Pgk7w,0.0,0.0,1.0,0
USUw_VT31ygQ9JkEc6nPsg,0.0,0.0,NaN,0
6eCgSb66TE1LeiWPPBPnTg,0.0,0.0,1.0,0
QVea-T9JgZ6p-vMX0aymJw,0.0,0.0,NaN,0
QlRsVCCytArycuuKSyUBLg,0.0,0.0,1.0,0
Jyi0WJt0UfGdEg0grR38ZA,0.0,0.0,NaN,0
szscXVvV67KKYbFA9v65vA,0.0,0.0,1.0,0
ZBqNftYtyiyfF0cMjnS1fw,0.04,0.16666666666666666,0.8333333333333334,1
SiX9g5tXACCcsjvWXERxkw,0.0,0.0,NaN,0
oZfEvCP9JMYzIp13AF2sPw,0.0,0.0,1.0,0
D-71neazoCYYQkgHnS92FQ,0.0,0.0,1.0,0
srFEzTF-89_TipnEEs8ATg,0.0,0.0,1.0,0
xotSWLK2liRhww_dHDa14Q,0.0,0.0,1.0,0
n5HCox_qsCR-DidvPzyctA,0.0,0.0,1.0,0
twEVyqxAvddhoqlhEDjfOA,0.08,0.15384615384615385,0.8461538461538461,2
UGW-9bbBEB3eP1o6mWD_WA,0.0,0.0,NaN,0
4D6LLuJfao_eHGA6XZR-bA,0.0,0.0,1.0,0
-9RU4LuI_TfYgv9rBijJoQ,0.0,0.0,1.0,0
4Tb8jDrTqY_HtgZPBx8RjQ,0.0,0.0,1.0,0
rKEJfzCIV0AXKo0kdzPBgQ,0.0,0.0,NaN,0
qxuJk8rRr2Fm7OphnzOkoQ,0.0,0.0,1.0,0
_XUoAGyj9svx4691YX2iYA,0.0,0.0,1.0,0
z6VZrWNIAVw8Nv1w065tLg,0.0,0.0,NaN,0
VrMaL32wWNed_DjOcsO3Ng,0.0,0.0,1.0,0
tzTUyZuKFsqKn2L8RrqixA,0.0,0.0,1.0,0
9skLwb3MaL7AJbDB6kHFiQ,0.0,0.0,NaN,0
uLQJAaULt91a263PsRyEqQ,0.0,0.0,NaN,0
-hUgrj7Lzir3yLUYrMYQ4g,0.0,0.0,NaN,0
m7z-tX6XDZ27xGhGjnI21w,0.04,0.1,0.9,1
wSHVgeTB-4xCopHun51eVA,0.0,0.0,NaN,0
zwDazUH1n6KLmWmJXJj7Rg,0.0,0.0,NaN,0
fRVNHAl2RjosC67Y67G3cA,0.08,0.18181818181818182,0.8181818181818182,2
OzGlDEQ_vzH8QU9NBRs-pw,0.0,0.0,NaN,0
4YyVKh2S5XlxQi9RtNmVew,0.0,0.0,1.0,0
e6OZfbZXq4OuPRQlOqO8Ww,0.08,0.3333333333333333,0.6666666666666666,2
GvIJqIr7GcbGUUxxrgXg2A,0.0,0.0,1.0,0
7OjUhdATOsekdIQSE6TS4A,0.0,0.0,NaN,0
8d3sjUvNdekV0BJfxgjQmw,0.0,0.0,1.0,0
qj8x2P16RHrgW_A5uwN0Cg,0.0,0.0,1.0,0
DCcweTztEpGjZrtHhCWMcQ,0.04,0.05263157894736842,0.9473684210526315,1
6mn-M3f75hdynz245p-fBA,0.0,0.0,NaN,0
UzhbEOOqmbINTJo6K9PH_Q,0.0,0.0,NaN,0
8D8mjeNaJ3DGhl0WX8copA,0.0,0.0,1.0,0
l_1t7rGsuKI_Po60ttCPcw,0.0,0.0,1.0,0
HwodZGDA0-u9PRZx8a-1VQ,0.0,0.0,1.0,0
B423jsaQkyodGbGyiIGLXA,0.0,0.0,NaN,0
hBb-5i6Jux-VtklhWorT5Q,0.0,0.0,NaN,0
Y1zzn6_oMo6RXl9rlwy6Iw,0.04,0.5,0.5,1
IAhSc_6mKxOCAUJVxDYeKg,0.04,0.25,0.75,1
xuqQgmcc6SSjbQ5EQ1wGxg,0.0,0.0,1.0,0
m4fBjPA4SSIzQaNtr45Uow,0.0,0.0,1.0,0
VZJ8zIZ-B3RKGddjeCI8tg,0.0,0.0,NaN,0
T9f3M6hFs6R3ayRc0QCTwQ,0.0,0.0,NaN,0
FwkBQO-lA-EgkA8t_EHqfw,0.0,0.0,1.0,0
PXZaBTK4M6GK80ZosOUZ9A,0.0,0.0,1.0,0
NW2MS8tAqoDNSnjxdlTYfQ,0.0,0.0,NaN,0
1HFkcIGKY7-e9vCsc8PX5g,0.0,0.0,NaN,0
UC27mopi9fL9lVoSyonwSQ,0.0,0.0,1.0,0
7DjD9A_D66bzJvheaw4xbw,0.08,0.09090909090909091,0.9090909090909091,2
p1F0HCgAggNfneVlFofTkA,0.04,0.045454545454545456,0.9545454545454546,1
AVVEFYHmFUa9oUhy2DIQFA,0.0,0.0,1.0,0
Bc0Mv-QnUPKiq8xFLCbw4g,0.0,0.0,NaN,0
5fqHDnZYDODFOitqFzf0Ag,0.0,0.0,1.0,0
V_4GSrSg7AK_5wXs9TrBbg,0.0,0.0,NaN,0
J56C7Dc9E7Q0mpMTJGW6Qw,0.0,0.0,NaN,0
qAxAyUFLQU5LJwPcOUgR7A,0.0,0.0,NaN,0
zo2vscKNvDzXWj7YOrdJVA,0.0,0.0,NaN,0
HWLr60IBXAy9HD23W3Xmfg,0.0,0.0,1.0,0
ecz36SJvMT_zjiIJ-K4KfA,0.0,0.0,NaN,0
CvIEHZF79KLrpNachZzDjA,0.0,0.0,NaN,0
Jx3dP4kkKonDSrWCRH_oMw,0.0,0.0,1.0,0
_GCtk6kjbArSxiPPLlAfMA,0.0,0.0,1.0,0
HFurhLE0MnG8wHQ6EcPuuQ,0.0,0.0,1.0,0
I_3AUfSj6nXecO1xivgWLQ,0.0,0.0,1.0,0
6qFgbBGrcRlgZNb8jOd9LQ,0.0,0.0,1.0,0
gPK2AKr-UA_7hZus80SSng,0.0,0.0,1.0,0
u3mM0u8DokmP2iGpGZsyPQ,0.0,0.0,1.0,0
uCdmtWpEku3xLa-ScQabKA,0.04,0.06666666666666667,0.9333333333333333,1
-m0KTRk0c901-4b-BN34Gg,0.0,0.0,NaN,0
NNZykLM6PhJzDa6gFytfhg,0.0,0.0,NaN,0
TGT3T6FMq5xivl_W8HiuDg,0.0,0.0,1.0,0
OJDOFhFlUdYLsKLeXL2ulg,0.0,0.0,NaN,0
gnT-tmrXE3BupwTODOREvQ,0.04,0.05263157894736842,0.9473684210526315,1
Dy_RhvtedHyYcP3mK5ZKtA,0.04,0.1111111111111111,0.8888888888888888,1
9CLeV9xLunJ6XTWuTzeJEg,0.0,0.0,1.0,0
2AAIpyvPPCeQMi1_FKjNXw,0.12,0.1875,0.8125,3
kAH6j6zwpg-Vy505f0RBtQ,0.0,0.0,1.0,0
_3WlbW1RkJmyKMMqLPYorA,0.04,0.09090909090909091,0.9090909090909091,1
0sOleKBI26BKfpW0SEG6Fw,0.0,0.0,NaN,0
z66KKknqWzFBWZb0GbEi2g,0.04,0.038461538461538464,0.9615384615384616,1
kYKSQELBdsV6qmO3f_cl1w,0.04,0.02857142857142857,0.9714285714285714,1
ZS_SiPpiLocKfYNjRZTeww,0.0,0.0,NaN,0
a5IiFbcKjqAKRoQlcA5bnw,0.0,0.0,1.0,0
XChCfeJ6Yx2NDJIpIgRhyg,0.0,0.0,NaN,0
iIe1gtgyLqV0ZBbArDQkvg,0.04,0.125,0.875,1
3gXn9Wh6c_bjoBWVqqpX3Q,0.0,0.0,1.0,0
qZa2urX00YWHs-jRcWgUqw,0.04,0.09090909090909091,0.9090909090909091,1
-eRl2zFyQP5Hv7ZdCyN7YA,0.04,0.25,0.75,1
G-6X-llgA_qAxGxocykHzQ,0.12,0.10344827586206896,0.896551724137931,3
CA1N8B5ZkSiUJeOXYcWImg,0.04,0.16666666666666666,0.8333333333333334,1
3UY0P5vAPTavFNTqqE2nVw,0.0,0.0,NaN,0
nOSWGrjT4HIpDohLAOpgLw,0.12,0.15789473684210525,0.8421052631578947,3
nefYrZL3vAdTd9SBPf8kPg,0.0,0.0,1.0,0
bBgVmpAjLTRnipPlRun_Rw,0.0,0.0,1.0,0
GlxJs5r01_yqIgb4CYtiog,0.0,0.0,1.0,0
i_6lhTVqIRsZvggvZp7lng,0.0,0.0,NaN,0
mrlKomGQpegzaj9gis_g7w,0.0,0.0,1.0,0
KnkiyXZDt8hVdq_kw1iWuw,0.0,0.0,1.0,0
EiP1OFgs-XGcKZux0OKWIA,0.0,0.0,1.0,0
PKzDP0808qB1cC_0GReBJA,0.08,0.07407407407407407,0.9259259259259259,2
hUTnmW9QkmnjzQlpcV-4Ew,0.16,0.19047619047619047,0.8095238095238095,4
U-hWiEpEZo_-Xv4Qgrs9Tw,0.04,0.07142857142857142,0.9285714285714286,1
zWWcik1fRPZviBCQLC26FQ,0.04,0.1111111111111111,0.8888888888888888,1
xmRpmPg3dcKk79r7c1b0bg,0.0,0.0,NaN,0
2RosvaxvSKX0YY1VVmg-fg,0.0,0.0,1.0,0
x2o4DyS9DUUTD2S0vwlDCQ,0.04,0.3333333333333333,0.6666666666666666,1
9RMhYy5rL1WHwCOCmu6pVQ,0.0,0.0,1.0,0
B7IvZ26ZUdL2jGbYsFVGxQ,0.0,0.0,1.0,0
tjA-Hm1USeqJIbh1ZcnMQw,0.0,0.0,1.0,0
TX5kwQLpKUDvNf4mfdaH3Q,0.04,0.06666666666666667,0.9333333333333333,1
yHakD_sjdUAzLQWLslmUfg,0.0,0.0,NaN,0
xdYAjnWeAHQfcLH7c2l4OQ,0.0,0.0,NaN,0
ZUsS5CjWh4YrPVi4Hi3Y6Q,0.0,0.0,1.0,0
6l0uXKSp04vXjH3M7WFR2Q,0.0,0.0,NaN,0
JVbqMyicxGWlEVPpyo6gpQ,0.0,0.0,NaN,0
XbWP6vAli3waJ0iR_lcjOg,0.0,0.0,1.0,0
XOGr0PWBsD1q2RgteHdUEQ,0.0,0.0,1.0,0
NAcOrPUT_8kze3cXhym_SQ,0.0,0.0,1.0,0
8-GTQbes8cfy5QRpjVy7bg,0.0,0.0,NaN,0
7kfJk_NtOslC9jPk2Koz3g,0.0,0.0,1.0,0
TGrZk61ja7X1ijAGW5lNmg,0.0,0.0,1.0,0
NgP1fwHk6Q2Je5AVS_HEyg,0.0,0.0,1.0,0
KHR6p9KJ79De-ilLI9yb2w,0.0,0.0,1.0,0
JjrpeIkmuhk9Ab_5HEsqyw,0.04,0.09090909090909091,0.9090909090909091,1
p_fas65QL25jqfV2tSSnQQ,0.0,0.0,1.0,0
ys-6BWxpS1BpUkHZA9oLqQ,0.0,0.0,NaN,0
n0NK74Q99koPIhLpGPeyDw,0.0,0.0,1.0,0
eJcoQzdJRAD1ZLatG4Z3ww,0.0,0.0,NaN,0
Inm5AJK0HS5lJHyhMDnl4Q,0.0,0.0,NaN,0
LTnCcTKbS-SBQlFGJ5Jm7g,0.0,0.0,NaN,0
0gtEsazPeHr5rj2IAsZePg,0.04,0.058823529411764705,0.9411764705882353,1
5L6jkxWlbBO3YWP6kQ2VrQ,0.0,0.0,1.0,0
8HCEPF0IflyB690Q745fKg,0.0,0.0,1.0,0
dayNT2ayiN_XoU_IWf5lTg,0.0,0.0,1.0,0
o-5MEqwSsiHKiPNL09e54g,0.08,0.10526315789473684,0.8947368421052632,2
qHwj63QRTu_rWWGMNuoQlg,0.0,0.0,NaN,0
LB5ViGU59ww2XRCx803t0w,0.0,0.0,1.0,0
23o7tyUGlC6FCDVcyqLeFA,0.04,0.058823529411764705,0.9411764705882353,1
GZODRhmi-uUWKmWntTXujw,0.12,0.08571428571428572,0.9142857142857143,3
rUnWDIvD-NxKDNEkr3h4fw,0.0,0.0,1.0,0
P2E31XC7SP4v_3hXC2o0Xw,0.0,0.0,1.0,0
xa1OD39IctvaqrXc8--BFw,0.0,0.0,1.0,0
Y4z3BTL8lOHo6E7BcxItIQ,0.08,0.2,0.8,2
IgPXs-Vpd3p_POXau4szFg,0.08,0.09523809523809523,0.9047619047619048,2
3TO57GGnBVoW7vfsWQCoBg,0.0,0.0,1.0,0
L0JvK1BtEe5Yz_rmclfcQA,0.0,0.0,1.0,0
vtoiZ0SFtO51-xvEVTdIYQ,0.0,0.0,1.0,0
cOhKXszEeOB1YqX_-KiSoA,0.0,0.0,NaN,0
y1ZxiCnd_8O0yF4aN4qxiQ,0.0,0.0,1.0,0
EjA7rcw9F7By6GFQ7-t9WQ,0.0,0.0,NaN,0
rLl5jjjUK1crVfzbXoQrTA,0.0,0.0,1.0,0
C5HjsWQz-Algu8ej8DnjSA,0.04,0.06666666666666667,0.9333333333333333,1
cCpiu1GqdzxlvANKuiAp0Q,0.0,0.0,1.0,0
TK8Nf2vUC_aJgtDlBNAoBA,0.0,0.0,NaN,0
QJTC5x9yHycwvZwmYdR4IQ,0.08,0.13333333333333333,0.8666666666666667,2
tbNXzrBqG6WTnKZK66WjXQ,0.0,0.0,1.0,0
70fCsZ_nRu8hg7jNLpllDA,0.12,0.17647058823529413,0.8235294117647058,3
ZKPCtlsIMjvMxmdskoCVmA,0.0,0.0,1.0,0
vagqjAyiD13vKiL46OOo6g,0.0,0.0,NaN,0
JiJsVyj2_SgwZz61xBq0Zw,0.0,0.0,NaN,0
Tjv5bBtJ-Z_CLiY-rheG2g,0.04,0.045454545454545456,0.9545454545454546,1
xA1Ak4QJ_WE_8Nadpi8IhA,0.04,0.1111111111111111,0.8888888888888888,1
ea3HFxRRo4gZOmlDle8IPA,0.0,0.0,1.0,0
mg0xz_HZvoDtv2zWm1YHZg,0.04,0.125,0.875,1
EhO5C7t3yfGFLvsTyK5PPw,0.0,0.0,NaN,0
yaWnpONXlvdXbi36aKcznw,0.0,0.0,1.0,0
8C8Ml7hj1zxyhcChk1TESQ,0.0,0.0,1.0,0
evVWx24x25S09LKJeb53xA,0.08,0.2222222222222222,0.7777777777777778,2
dmjjDNiYRTyuCI3-Zmm8Pw,0.0,0.0,NaN,0
yT_QCcnq-QGipWWuzIpvtw,0.04,0.03571428571428571,0.9642857142857143,1
U3Y7xT8KZwQilb__FGHeIQ,0.0,0.0,1.0,0
VK5wB63rEMb5Hp-9OCPs1g,0.0,0.0,1.0,0
rGd8YUtvhSdMm8-9cMdQ4Q,0.04,0.09090909090909091,0.9090909090909091,1
tjTrsF-CpDnTcclX-3sCTw,0.0,0.0,1.0,0
S8HIOziA2iGj6oZ3l_yd9g,0.0,0.0,1.0,0
RAOZ3SzKlmxY3iDIlBb0dw,0.0,0.0,NaN,0
ljaDy_lIKNWr2MfjV6Mt9w,0.0,0.0,NaN,0
SkpCulULgiBfLc4lV8vx2g,0.0,0.0,1.0,0
kteNzDbDmsatpOC0xssmew,0.12,0.13043478260869565,0.8695652173913043,3
WBCG29Wa-amEZPnoAGqYgg,0.08,0.14285714285714285,0.8571428571428571,2
VvYbQfNtbNZFj13cs-gEfg,0.0,0.0,NaN,0
pmeGrUv6S22pf38FTRYCzg,0.0,0.0,NaN,0
xDtrecOuYEga6v49EEILcg,0.08,0.5,0.5,2
NczSmRSRdTsI8fQyojdZrw,0.0,0.0,NaN,0
JOZVa41dNIX4-FEIIXRd-A,0.0,0.0,1.0,0
zCnJQKvZgET4llBbJD1aiw,0.0,0.0,1.0,0
j7lzyJD5cdOXwm4XEHb4nA,0.0,0.0,1.0,0
zsZVg16yjZu5NIiS0ayjrQ,0.0,0.0,NaN,0
kqyCQG4c5dwNt2cTkMcvGA,0.0,0.0,1.0,0
p57g6VncQmZdUVzvjQls4g,0.0,0.0,1.0,0
7uNESKhTlge7kCN00u5LPQ,0.0,0.0,1.0,0
VHc1yqBhsE-l3JQFXuWydQ,0.0,0.0,1.0,0
YMTcBb6Vj54rd_NuFtb8QQ,0.0,0.0,1.0,0
uSMK7y_H2DzRX7WcKXtFgQ,0.0,0.0,1.0,0
jlu4CztcSxrKx56ba1a5AQ,0.0,0.0,1.0,0
H6eXXqGuxDk6RYdZZk81dQ,0.0,0.0,1.0,0
79yaBDbLASfIdB-C2c8DzA,0.08,0.1,0.9,2
IL1-dyCe_zSqhmt0ExL_Jg,0.0,0.0,NaN,0
0BBUmH7Krcax1RZgbH4fSA,0.0,0.0,1.0,0
Krt9eSuNGRywDhHNQcKXaQ,0.0,0.0,1.0,0
BrBf2-dDLIBCZOEt3KMb7A,0.0,0.0,1.0,0
R-xGsTpwlwuOe_vAbg_aeA,0.0,0.0,1.0,0
XFJjnqNPp5FwNayTw546Zw,0.04,0.2,0.8,1
SJJWIZLPGXtGTy9UECbVjA,0.0,0.0,NaN,0
kYIODM8u94H7IyHY806CAA,0.04,0.041666666666666664,0.9583333333333334,1
HBBv6M03xLEGmM-HYztQUg,0.0,0.0,1.0,0
HjkFSUEZi1Eyn663eWoO2Q,0.0,0.0,1.0,0
nXehm6zt294ZswIgh5LpbA,0.0,0.0,1.0,0
-fEe8XBeJ6pGLIeAyAWzfw,0.0,0.0,NaN,0
i6V3NyTdkBVwPpH7r2BINA,0.0,0.0,1.0,0
UXGkwdRX6-Vu0QGwOJealg,0.0,0.0,1.0,0
Xt0-RGLnYWJn7ivqoZjeXQ,0.0,0.0,1.0,0
DTl0SQ_9ApT_YhIcppwqgw,0.04,0.029411764705882353,0.9705882352941176,1
DKURijAmB5Xz8dHLox6hTw,0.0,0.0,1.0,0
x_bHnIh87kEXYLh0T8u-aw,0.0,0.0,1.0,0
dhPp4t9_fD0R0eNsp_gYZw,0.0,0.0,1.0,0
TFWX0c8ohwSpeMEcL3sgow,0.0,0.0,NaN,0
3K45qlfaa36OQrTthHwJgQ,0.0,0.0,1.0,0
PwFs1cC2QTXZZ2ee6CPTAw,0.0,0.0,1.0,0
SobGWhM_IAb4Kj_9HEpKsQ,0.0,0.0,NaN,0
o8OL8qP-jvWNt7SLDS-0tQ,0.0,0.0,1.0,0
Uk5x9HsriV5imN2fDNA0fA,0.0,0.0,1.0,0
Tc3GAQdAfOW542ROdyCZPg,0.0,0.0,1.0,0
nemB_YaFOkitvmmZUeflHw,0.0,0.0,NaN,0
JLvoH5EfNResDJBeQUIqCA,0.0,0.0,1.0,0
6H_tP23-L2zvC58qW7qojw,0.04,0.06666666666666667,0.9333333333333333,1
vi75M611fR89qIg3wqHqqA,0.0,0.0,1.0,0
Q9mA60HnY87C1TW5kjAZ6Q,0.0,0.0,1.0,0
G8ds1EDzPKKmjOJWCCQEQw,0.0,0.0,1.0,0
1pFTNtr6HZO59wz95zKS3w,0.0,0.0,1.0,0
uddWmfMhvMYaj3Uog3fMjw,0.0,0.0,1.0,0
kBNFdviedCPFWyR-wVaAzw,0.0,0.0,NaN,0
nOTl4aPC4tKHK35T3bNauQ,0.0,0.0,1.0,0
ImBb4MxG9wfTkZfOcfZhJQ,0.0,0.0,NaN,0
fY_8CD3eah3fdq2YNCF04g,0.0,0.0,NaN,0
ZzA0SBWKSRJA8y5tlszrjQ,0.0,0.0,NaN,0
vj2RoqU4nRFG0YLbTG4etw,0.0,0.0,1.0,0
1W3-kN5LmmQlTlXhbypJVw,0.0,0.0,1.0,0
qwvqOG9UoClcR4iFnmAPHw,0.0,0.0,1.0,0
atXRV9crRDO2VzP6XOquJg,0.0,0.0,1.0,0
X4cwQL_JZZnAUyCbOwz3pw,0.0,0.0,1.0,0
S25wXm7l0OlxckjfObmhjQ,0.08,0.13333333333333333,0.8666666666666667,2
Y-ztOEfGVSweyFjvnnhpAA,0.0,0.0,1.0,0
xsBjO0GTAvZK8i2A8_z20g,0.0,0.0,1.0,0
swx0FJkZWb6nVP58ZsMl7w,0.04,0.02564102564102564,0.9743589743589743,1
krJw8HFQMl2lP8fbHvEGuw,0.0,0.0,1.0,0
PkRFSQgSfca9Tamq7b2LdQ,0.0,0.0,NaN,0
HdUpeg9oYzvzHIgeJuM2uQ,0.0,0.0,NaN,0
uO1w3qNo21c1bVHHFTYW0w,0.0,0.0,1.0,0
2VKVhy1SwaixHCeiWglLUQ,0.0,0.0,NaN,0
cIbbfJEGLB3B-c8Po4AL5g,0.0,0.0,NaN,0
qEVzzrg5tjnmZlYmSFTCSg,0.12,0.2,0.8,3
FlHYgjuNYM6KXJDFA4RlMQ,0.12,0.2,0.8,3
hrYOEsw6YkYTf9joi_styw,0.08,0.16666666666666666,0.8333333333333334,2
mUQN8Pq3Dj0F602PswyTog,0.0,0.0,1.0,0
JmMXYQJio5eXgOvVZl_xGw,0.0,0.0,NaN,0
MfWGWVuUo9bptZ9VcQTC5Q,0.0,0.0,1.0,0
uoeENUO7Bkw5OwO_KHV-Rg,0.0,0.0,1.0,0
JjicSN4Fyyi40DH7hGzc-A,0.0,0.0,NaN,0
-zjgxf6V-EOx320YXJwYPA,0.0,0.0,NaN,0
FmNuihINhD2lNQLnfFhpnA,0.0,0.0,NaN,0
7EaW0Vc_I0T6qn4LymF-kg,0.0,0.0,1.0,0
YqMpcRUA0OMw1WNLDGoj-A,0.04,0.02564102564102564,0.9743589743589743,1
KNRwbAKYzHXjaWGQJc_pTg,0.0,0.0,1.0,0
S5pV8NkyrG5z6FHTmcjCzA,0.0,0.0,1.0,0
Un8b-5KCUvq0ybAcdgc5OA,0.0,0.0,NaN,0
E1hLHq6LZ6AoSJzW-oT4FQ,0.08,0.09090909090909091,0.9090909090909091,2
eRDWzHCldd6YXypRECvHYg,0.0,0.0,1.0,0
Gsa-MeZ0IybuuXinFZUVGg,0.08,0.11764705882352941,0.8823529411764706,2
hyvR2B4uxhHtx3WifjgsjQ,0.0,0.0,1.0,0
Uwu72w77MPox942_GnCS7g,0.0,0.0,NaN,0
AVHntMBUO4dehOXjWQ2nBA,0.0,0.0,NaN,0
KPAWdZ1oAcX7IXcBDvupWA,0.0,0.0,1.0,0
o_DeoZ0Ogu32D18cgEDkbA,0.0,0.0,NaN,0
Srv9jOGELiNGIJEqhS5_uQ,0.08,0.06896551724137931,0.9310344827586207,2
SVC0CajvmYfH5uAq4JnGvg,0.0,0.0,1.0,0
s5hemOR2IxcW-0MYA6hGug,0.0,0.0,NaN,0
fIqgMebiSjVb0g27OqWBDw,0.04,0.09090909090909091,0.9090909090909091,1
s_SzQvkDfn18Cquma7DndQ,0.0,0.0,1.0,0
bE7Yd0jI_P6g27MWEKKalA,0.0,0.0,NaN,0
Kf10dTiGlcnyhj8DBoZn1A,0.0,0.0,NaN,0
SsOiVav4V5_NjTl21Lj92w,0.0,0.0,1.0,0
cD4sHHO5sEljk7qSGhVaEw,0.0,0.0,1.0,0
DBHCFW3mSmmOEpONHVu1rQ,0.0,0.0,NaN,0
pFfZdrY_EbDlTxEwKbZl3A,0.0,0.0,1.0,0
0C_kTzETOV_1m-fSeYGuJQ,0.04,0.045454545454545456,0.9545454545454546,1
c9NbdAJy9eOGGc_i3UKuKQ,0.0,0.0,NaN,0
0rDG0uZHpqxJbdu-FJ3IgA,0.0,0.0,1.0,0
vvlSoQlcekSfPm75T6ZRRA,0.0,0.0,1.0,0
v-_wEl7yiX_MkmIqPq2BLQ,0.0,0.0,NaN,0
OA2f2Ct5dsikrMMf_xCOaw,0.0,0.0,1.0,0
VfsuriHOXymvFhum_pBzOw,0.0,0.0,1.0,0
I2K4dZgIyrfvgp63fyjs2A,0.0,0.0,NaN,0
Gaj5UjugtJL2aCWO6wmY1Q,0.0,0.0,NaN,0
F-XkGoU9tZxZLdGI6JAtZw,0.08,0.11764705882352941,0.8823529411764706,2
wtXhWwo1vEKrh8F65jiwvg,0.0,0.0,1.0,0
zN7UEYPQwUQdDULm_pDWdQ,0.08,0.08,0.92,2
QYl9phZItBKF0OznQDmKPQ,0.0,0.0,1.0,0
CPb8Mvhf1-teMo8r3fULtw,0.0,0.0,NaN,0
O3pSxv1SyHpY4qi4Q16KzA,0.08,0.046511627906976744,0.9534883720930233,2
Au2Xa-y-NOSCAiv0Pl7gig,0.0,0.0,1.0,0
Dn8PSKgNszrWjyfu6l9NOw,0.0,0.0,NaN,0
WVTxk0-DxPKJ7TckvUx_dA,0.0,0.0,NaN,0
bJTKxBIvb_AR8d4SuLPV8g,0.0,0.0,1.0,0
K3bzEv1h7CP-B92bNPhFUA,0.0,0.0,1.0,0
2vJ2e51kdbdAmAo_HTr4KQ,0.0,0.0,1.0,0
B49e2hnBhzp7bwBmCPgdxg,0.0,0.0,1.0,0
IhjiCSCiaefHE-4FAvSOkA,0.0,0.0,1.0,0
AvcMbSFslworZbsU6tjmdQ,0.0,0.0,1.0,0
XWld6N9X2-WdvhvsKcaWwg,0.0,0.0,NaN,0
_6CTDWsw4Fdr6R9ZzKvLZQ,0.04,0.14285714285714285,0.8571428571428571,1
METbZC5f659pJol53SSyJg,0.0,0.0,1.0,0
mLeMygUVo3j-RgP5XJQi8Q,0.0,0.0,1.0,0
NQOx6QzfkVCT57dxlOWobA,0.0,0.0,NaN,0
6pDCqee5g6jFB402L15kmg,0.0,0.0,1.0,0
CyBceG2iwctgooi2U54dUA,0.04,0.05555555555555555,0.9444444444444444,1
69xsJFjiOAd8Ld7WWk_tEw,0.0,0.0,1.0,0
ATvRfVqa36rMY3O9p1YwLg,0.0,0.0,1.0,0
h4cduDwCH8K9LJrowoJraA,0.0,0.0,1.0,0
vs8aSP9ArwqAlb0LeCnFeQ,0.36,0.12162162162162163,0.8783783783783784,9
FvwBCzmImJXlDWKhEvc9VA,0.04,0.05263157894736842,0.9473684210526315,1
G0p-Z2_JzOCVYKtiSapOfA,0.0,0.0,NaN,0
KBVL9aPlcLVwqyFQ__EeIA,0.0,0.0,1.0,0
R6NNz2Zb2yqpRWJNKIWldg,0.0,0.0,1.0,0
yK6wyLZ2I66B5-MJcS88xg,0.0,0.0,1.0,0
17sjqpbUOOoqh5KHomfhJA,0.0,0.0,1.0,0
aNmrSw98PhdvZkLgxP2PWg,0.0,0.0,1.0,0
UByCy7oxeiqFKOLmGUVm3g,0.0,0.0,1.0,0
ycNTi_hhCevsehL44HbGWg,0.04,0.25,0.75,1
bKAPpkAsxV4Y7-slkdPSbw,0.0,0.0,1.0,0
0LMHrFTQtUoY42AZl1MH6g,0.0,0.0,1.0,0
_oCiEDUZqu91P0Tzdl_wMA,0.08,0.06896551724137931,0.9310344827586207,2
VmLgwBL0WES_efM1Lok_1A,0.08,0.1111111111111111,0.8888888888888888,2
eWD-kLqwCf1MaZxvO4yDLA,0.0,0.0,1.0,0
3BxHoPcHUQCYAh4X7zFR-w,0.0,0.0,1.0,0
TUu4SppnJ1S3lQ_jTxMpOw,0.0,0.0,NaN,0
-HlCe-Ya-4CE2huuEk2_1g,0.0,0.0,1.0,0
8onuIirziNOP5Jl3JXappA,0.04,0.16666666666666666,0.8333333333333334,1
f1-ADSATZKZRdKznOcIpOQ,0.04,0.045454545454545456,0.9545454545454546,1
h3SfoZcs04WnJErnFaeBpQ,0.0,0.0,1.0,0
N0qq4upibIRvLzE2SzVPtQ,0.0,0.0,1.0,0
nDQEwuw5u6iQHYXEsQXsxg,0.0,0.0,1.0,0
WHmabbfgdSW-JrOU9ePMrA,0.0,0.0,NaN,0
QPJJohtGqkMkaN0Gt3TRIg,0.0,0.0,1.0,0
ZXae3RfkH1LnKX0UjXNj3Q,0.0,0.0,1.0,0
xv3zwYXc5QRXS1QtKyByLg,0.12,0.0967741935483871,0.9032258064516129,3
Tw43xDZeDrE9X55I-w-Ozg,0.04,0.08333333333333333,0.9166666666666666,1
gw89Q2UcKQxQNSDJeMWn-Q,0.0,0.0,NaN,0
1J-CWvcyB8FDmyZ_GEmvpw,0.0,0.0,1.0,0
XyzqKpH5LmPgEPDvZBTPQw,0.0,0.0,NaN,0
7tUc6ujGNjK0oFvWSz22NQ,0.0,0.0,NaN,0
Y109iXUmmcVwziHIes48sg,0.0,0.0,NaN,0
-qr-SDo-IHa5-YISjtmesQ,0.0,0.0,NaN,0
fMdgChfFv_fI_HRxif7T_w,0.0,0.0,NaN,0
QyOjGyQS6mI-o8HVpVq8fQ,0.0,0.0,1.0,0
wXdrUQg4-VkSZH1FG4Byzw,0.04,0.04,0.96,1
_VtgrnnPVIE3ahJ2R8RW6Q,0.04,0.1,0.9,1
gwIqbXEXijQNgdESVc07hg,0.04,0.03225806451612903,0.967741935483871,1
mFwRTTDW0Yr-rFkTF2cFsw,0.0,0.0,NaN,0
FejMS4vsD9FIUtiwsmm7mA,0.04,0.16666666666666666,0.8333333333333334,1
StCSYeJ1I-G1LbdpW65kGQ,0.0,0.0,NaN,0
aPem60herPJilZDXPIUw2g,0.0,0.0,1.0,0
alUuOskFSl1bODjnce2PpQ,0.04,0.2,0.8,1
ZXyGw3Z1DyhK1sfNtpcyYA,0.0,0.0,1.0,0
tG24pgYOAyEONNhgmhVO-Q,0.0,0.0,1.0,0
tfcWQ_mKwgLkWu5pvpmsvg,0.0,0.0,1.0,0
ouS-Douov6w19Xly4aKLHQ,0.0,0.0,1.0,0
--YhjyV-ce1nFLYxP49C5A,0.0,0.0,1.0,0
ZhfC1izXG4YY7gkqyAzGOg,0.0,0.0,1.0,0
lstlOQgPI-HEmvf85yAA5A,0.0,0.0,1.0,0
e3jav1lBZRKP2iaCYHJHPQ,0.0,0.0,1.0,0
Yp7_GeD6KTRoo4Nteqv4SA,0.0,0.0,NaN,0
Bg6_SkJh76doBuYhrlARYA,0.0,0.0,NaN,0
bi50oVCy6pJBCEXHdhyOFA,0.0,0.0,NaN,0
bWvuUQ0XsduI_V5z4DaDSA,0.0,0.0,NaN,0
Jt1zgNmwz_jheOSmEsljPQ,0.0,0.0,1.0,0
TZQSUDDcA4ek5gBd6BzcjA,0.04,0.09090909090909091,0.9090909090909091,1
mnJvynzRIYptrjyKtEBiTA,0.04,0.037037037037037035,0.9629629629629629,1
PIG12rx9hiH4xf9_KBMj4Q,0.0,0.0,1.0,0
8QqFq03kPn27g3p0UqfV7A,0.0,0.0,1.0,0
PLIBoFMlQjM-FKqMCHnwgw,0.0,0.0,NaN,0
kRSm3Y3DdfIM7etuY4APhg,0.0,0.0,NaN,0
WEFK9tZ-z3Nt7pg5R-UrHg,0.0,0.0,NaN,0
-qSGCdxXU_jv_P-7CjZpcQ,0.04,0.07142857142857142,0.9285714285714286,1
gqn_YgUm08MEjYhWo1nRsw,0.0,0.0,1.0,0
Yl7OYdHuYmr7K-IW9_ayng,0.0,0.0,NaN,0
K79tujnvHi6tdy7ytNTL4g,0.0,0.0,1.0,0
JQ-rU-5xifMVx2Z8adSWCA,0.0,0.0,1.0,0
p7KpwlPgfpUPQGeD-8bCvw,0.0,0.0,1.0,0
J3ucveGKKJDvtuCNnb_x0g,0.0,0.0,1.0,0
C8W0VzsXaTg4YvciNTy3bg,0.0,0.0,NaN,0
1k655nwi0ACa6G4ZOFUHgg,0.04,0.05555555555555555,0.9444444444444444,1
NZPoW7bv_62nAJ-yXpVl1g,0.04,0.058823529411764705,0.9411764705882353,1
JgY2nsKaXhDwOcO0rDhb2A,0.0,0.0,1.0,0
7i6ny-Vyi8oBd3RbNVqIQQ,0.0,0.0,NaN,0
xXyZPAbfQzYTCig7jnZO0A,0.08,0.125,0.875,2
EGJXgD6YPieaUCQxfOdXbg,0.0,0.0,1.0,0
zvQM_xPJcLZtpeMF4RoYCA,0.0,0.0,1.0,0
ZYu9vVywiF5np-n2eV3JJQ,0.0,0.0,NaN,0
1mWig_Kq2rxkmcGvOfpE6A,0.0,0.0,NaN,0
bKTB22B8f1o7q25Sn8aN2Q,0.0,0.0,1.0,0
BXlQO-sD4R1DwXPpMwd6JA,0.0,0.0,1.0,0
fkMiipV4j_DG5nSoBnZvbg,0.0,0.0,1.0,0
jI43jHCXx1R-gg_vYcQWww,0.0,0.0,1.0,0
907s46W8EUgpca91oLeCOA,0.0,0.0,1.0,0
nCRPCQE7E1PV83uQrIf7Cw,0.0,0.0,1.0,0
lJEbBcOR4pySsjaQIoIoRg,0.0,0.0,NaN,0
Mn7qL2rLZvtqLdBg7-iPsQ,0.0,0.0,1.0,0
sb75BE7UxbtGsw-gMf1NrA,0.0,0.0,NaN,0
PHUiSJ1XLOBE7MjtEmzKog,0.0,0.0,1.0,0
SlCchmq2d_QKWbFwc8TEyw,0.0,0.0,NaN,0
Hk7n0zKhcrRwkvqgb_MQ3Q,0.04,0.04,0.96,1
HO3kgFkq7AMmkcE7QvUGLQ,0.0,0.0,NaN,0
BGzavA_ddMr-jGmhArv7fg,0.0,0.0,NaN,0
4xxsMQTIV0QVnItrbaux4g,0.0,0.0,NaN,0
4hiLotPELiIRugUtWC9L6A,0.04,0.034482758620689655,0.9655172413793104,1
ZYY9f01cj8dB9sMfuY3diA,0.04,0.14285714285714285,0.8571428571428571,1
rR3KgAwuJxk9Roz4J5_jtg,0.0,0.0,NaN,0
USn-E16UUM45nmOp0rWEfg,0.0,0.0,NaN,0
9eehtcnYhZAHug1uMI6iRQ,0.0,0.0,1.0,0
_uyl_vUs7HEhuif8yBmLyQ,0.0,0.0,1.0,0
DkuAUXINszlJbJ6BZbp33Q,0.0,0.0,NaN,0
GXjja_W8b1-lfUvdsQt02g,0.0,0.0,1.0,0
AQ68GdYacVeqqqroAh9eOA,0.04,0.14285714285714285,0.8571428571428571,1
9UdZsmZ8UFuENuca3mDA_Q,0.0,0.0,1.0,0
5o5X3jrJIG-ObpEtTScMvg,0.0,0.0,1.0,0
XDYnGRhaCQteZNFPZonRow,0.0,0.0,NaN,0
U7R92hSLRQQv7miQdv6Wrw,0.0,0.0,1.0,0
LTxiFtf3WFiAiWMJgZpIXg,0.0,0.0,1.0,0
WeVkkF5L39888IPPlRhNpg,0.0,0.0,1.0,0
QRsuZ_LqrRU65dTs5CL4Lw,0.04,0.14285714285714285,0.8571428571428571,1
-2kCxY7_aw5hOz7fJnGMbQ,0.16,0.17391304347826086,0.8260869565217391,4
qJZCiO3qSOygLLxzX8l1wg,0.0,0.0,1.0,0
1nTGhcG7qqL4qNR8pBwc3w,0.0,0.0,1.0,0
yDRw0UY7FhjDAs-q1bvRhg,0.0,0.0,1.0,0
HmYj8wXXzzmc80DIenufuw,0.0,0.0,NaN,0
fHdNrSQhhkCF4Pq1nWnMyA,0.0,0.0,1.0,0
esdRtA08ZHjxuGqKy5xoAw,0.04,0.07142857142857142,0.9285714285714286,1
u031oBbLCBpRrtRUiAXfeA,0.04,0.09090909090909091,0.9090909090909091,1
5J371SHi-BsuzyOu_C840Q,0.0,0.0,1.0,0
8OGWYYJYGl8pLn9N6cXjxA,0.0,0.0,1.0,0
Vz_JxxxK-I8lijMJjS-iYA,0.08,0.04878048780487805,0.9512195121951219,2
SbZllpU4VmvfADvBBaYXKA,0.0,0.0,1.0,0
SCpF9u-OoNlHnmAsltiVrg,0.0,0.0,1.0,0
6vG2mmNJIk8xK1PJZS8OKg,0.04,0.047619047619047616,0.9523809523809523,1
6b4yYexmPQglmNdNum531Q,0.0,0.0,NaN,0
6cW8GuKZyFjpg29djEJoPg,0.0,0.0,NaN,0
bPQMtrXUy8dMCJu6SHxxaA,0.0,0.0,NaN,0
TwpFapxGnZwY9jFy0WjLJw,0.0,0.0,NaN,0
IZmx7AxIH3LeI1QMsrOAcQ,0.0,0.0,1.0,0
Uo5dPwoDpYBzOnmUnjxJ6A,0.08,0.2,0.8,2
KRGbR3MMNj1GTkd6SN_PwQ,0.08,0.11764705882352941,0.8823529411764706,2
O0evs8847ecEkeFMEuK4PA,0.04,0.023255813953488372,0.9767441860465116,1
sbfaRkf72cgptd9xKfMgBg,0.0,0.0,1.0,0
bbCGxjcE5KJovqDy_84MLw,0.0,0.0,1.0,0
o0hsvxNhOxrdhMfx2jXZlQ,0.0,0.0,1.0,0
d_uSfozaAZR4OpDNa8IiZQ,0.04,0.05555555555555555,0.9444444444444444,1
6s7isj1OHWg6vQKa7YtorQ,0.0,0.0,1.0,0
Kc6fTOBttQsexPPVfe5XTg,0.0,0.0,NaN,0
tf9VwbXK8m38Txl9-FnSmw,0.0,0.0,1.0,0
3G0J15bNMGEDlR9K_EAFdA,0.0,0.0,1.0,0
o4nYy2SFROGcBPXt762TEw,0.0,0.0,1.0,0
qOdmye8UQdqloVNE059PkQ,0.0,0.0,NaN,0
mcq1qdkjI7M-E1BXeFXstg,0.04,0.1111111111111111,0.8888888888888888,1
on4PBkuSAUi8gqlJHSyefA,0.0,0.0,NaN,0
WnUDyIE3YWdHcON-i-1MKw,0.0,0.0,1.0,0
HV6pgnVdongJWet-dUjSpQ,0.0,0.0,1.0,0
9EWR2_AULBcXID8ptXX_kA,0.0,0.0,1.0,0
R_evEjQUmtzNalScjk2_Zg,0.0,0.0,1.0,0
Upq-i76O879cJIb6DbrpiA,0.0,0.0,NaN,0
bjFG1IviPp_9Ae9WwAvHqg,0.0,0.0,1.0,0
13xeC5yKJO4BDyQOI3xxDQ,0.0,0.0,1.0,0
OFawbcy1lqVOeRtDTOnSpg,0.0,0.0,NaN,0
at0QjRaQpVlhXT8SbjGE1w,0.0,0.0,1.0,0
TGsvAP89lhlKcYZ6yeYfEA,0.0,0.0,1.0,0
0IPXId64-RTzDWbTQ7Z_KA,0.0,0.0,NaN,0
aM2vN1DjTI41VPRIroZ7lw,0.0,0.0,NaN,0
-7jOvj4-RK_RCiAjLei1bA,0.0,0.0,1.0,0
fQIF_CwdeUmltPqP8WKq9Q,0.0,0.0,1.0,0
XFHqcLqLLC12VAR9XcAkXw,0.0,0.0,NaN,0
J7uBxfVLSjsVbzESkHmPFg,0.0,0.0,1.0,0
uf95iifC_TQ-DtDs0rtiXg,0.0,0.0,1.0,0
Gf8Jew6GZHKCk2F6kPZh5Q,0.0,0.0,1.0,0
zYp4lB4JQ1AsxLKKleYpKA,0.04,0.3333333333333333,0.6666666666666666,1
br9hkOIpT6aOjvejelkGKQ,0.0,0.0,1.0,0
C1AUww2PFRRmbQK2IwqEMg,0.0,0.0,NaN,0
XDq_Yyg_d8tMZfxL409dVw,0.0,0.0,1.0,0
SfcUPkA9V1XVIwbQkRxUnw,0.0,0.0,NaN,0
fZ7fLMqArGTemvXPH9H3FA,0.0,0.0,1.0,0
i7mBC7m7k2FLrdVUx0UqUg,0.0,0.0,1.0,0
jG7130OQWiftvHhtyabsog,0.0,0.0,1.0,0
SRA86Xyf9fbOAhICWttMLQ,0.0,0.0,NaN,0
augJQotyLB503iq1gVJ_tg,0.0,0.0,1.0,0
YBT3EKUNN4IP8m4x7sGu1g,0.04,0.1,0.9,1
oiBG_9xY4E4w4JWTCQR9sw,0.0,0.0,1.0,0
TkAgUg_BMbBrR_zgNtaqWw,0.04,0.09090909090909091,0.9090909090909091,1
mRkXl20H42bU6Z3jUuv8iw,0.0,0.0,1.0,0
q9iOvVsQU7V2_cIHYnKAcw,0.0,0.0,NaN,0
LoLmkPhGZr-2FlWSUCE-Kg,0.0,0.0,1.0,0
i8ZU6iDLP5r1dVUCxKVv6g,0.0,0.0,1.0,0
3971tZ7N-Kq-kHzsO62myQ,0.0,0.0,1.0,0
2K58nkDk7Cp9_dezPeJaSA,0.04,0.2,0.8,1
P7S6JorjpamxAVSvmrmjXw,0.0,0.0,1.0,0
AhoxHm569hH_PRkoegDwcA,0.0,0.0,NaN,0
qLkmShQi5TilOST6C0pYSg,0.04,0.125,0.875,1
JesJ-LaNfr3pKhL7gWhDrw,0.08,0.13333333333333333,0.8666666666666667,2
i-gDfcrFLVhrNhBCUAhFpg,0.12,0.16666666666666666,0.8333333333333334,3
FvbGyxLS58q9ezyNdjzxqw,0.0,0.0,1.0,0
pEMWzZ8qWY1T_K0HUoKDIA,0.0,0.0,NaN,0
xzYgvqggFFFsfDOpN2Jkaw,0.0,0.0,1.0,0
BfDlTQHYOhN4yR9_egMyEA,0.0,0.0,1.0,0
0qA24lu9d-NtCdSaNPc4lw,0.0,0.0,NaN,0
ZBllYKrFzaI0I7v6Wl26Wg,0.08,0.06896551724137931,0.9310344827586207,2
-KVxkJDSTjtPGsamMDG92Q,0.0,0.0,1.0,0
1RKXN8HnIeelHjWDLJPr2Q,0.08,0.125,0.875,2
qmuCid52Y-SaJS_6v2CkNg,0.0,0.0,1.0,0
dLiY6m8-i-PQyfe4RQGQnQ,0.04,0.1,0.9,1
cm3_8c_NDhPcpwJQ96Aixw,0.0,0.0,1.0,0
BF7rMYMH6OvJOBIQhsnQvg,0.0,0.0,1.0,0
zHH0lnguD0rWcEtJ5VBc-A,0.0,0.0,1.0,0
qLq9eedYCLaXjcy2XfZQcQ,0.04,0.047619047619047616,0.9523809523809523,1
6X9PioodbNo5nnkZTFWhWQ,0.0,0.0,1.0,0
YHWsLBS8jzZiPjKHMFOaAA,0.0,0.0,NaN,0
65kdUhcdbgCqc0tvfK56Eg,0.0,0.0,1.0,0
QfCfgc5PyNVwd_DgPzmeuA,0.0,0.0,1.0,0
FFLDVmktx5kkAANhTR0Szg,0.0,0.0,1.0,0
hqmnMdDS-Opjp3BfBJA8qA,0.0,0.0,NaN,0
ic-tyi1jElL_umxZVh8KNA,0.04,0.015384615384615385,0.9846153846153847,1
C7lXOTSLUAHG3gkG_Q_39w,0.0,0.0,1.0,0
ymCk-L8o6WFbCCMK7uCkXA,0.0,0.0,NaN,0
KgFOJnWXxVuz0b-xfo6jjw,0.0,0.0,1.0,0
zDL0fWXO84ex9Ip3Lv1CTQ,0.0,0.0,1.0,0
gV9Y1fHKqnMRExRErIvFag,0.0,0.0,NaN,0
SBsQvmEEYJsD6xeRzHxf8Q,0.0,0.0,1.0,0
L2QfL9m2TOqJLlGZA5M59A,0.0,0.0,1.0,0
dnb5YD_qxGybsARPG3bQ0g,0.0,0.0,1.0,0
LGVSbsluzdxwbyiWUh2nAA,0.0,0.0,1.0,0
FEg8v92qx3kK4Hu4TF28Fg,0.0,0.0,1.0,0
mOVyk3O18VY5nrUMTZgM1w,0.0,0.0,1.0,0
tIFWjDotktTv8vbs5gFQ-A,0.0,0.0,NaN,0
agN7DARhKgIyDp5WKhfqeg,0.0,0.0,1.0,0
7RCz4Ln_FaTvNrdwe251Dg,0.0,0.0,1.0,0
377pLKgBdpf5yVR7DNotMQ,0.0,0.0,NaN,0
emClTWXE_ou1_RJ5PHIAUQ,0.0,0.0,1.0,0
lWZD7nGTxY8DDvIPCORxCg,0.04,0.07142857142857142,0.9285714285714286,1
CQ67NJigSe5-uBDX3b_CUw,0.24,0.09230769230769231,0.9076923076923077,6
J77nvoepKNnqTI7fsPAZ9g,0.0,0.0,1.0,0
06TjiB7kFn_XnlhxkiEKwQ,0.0,0.0,1.0,0
6ORiBNRD1FpaIJv3yLRZ4Q,0.04,0.25,0.75,1
GxzhQZokFig02SwfVhGQlA,0.0,0.0,1.0,0
hrA2TKOiPrJ0Va3ceAgq9g,0.0,0.0,NaN,0
Xrkgx8ImTTwVGk5fTaLyBw,0.0,0.0,1.0,0
zp4UT0rcYPbrjbT3QaL7OA,0.0,0.0,1.0,0
1FB1Vc4zne5AJAliqdMeWA,0.04,0.06666666666666667,0.9333333333333333,1
vCbYnQ0DdpHb-vGRZVMkxg,0.0,0.0,1.0,0
tYk7mMGGFl3gLfmhST5L-A,0.0,0.0,NaN,0
Jm5h-bDATqRMWs3VahkFPg,0.0,0.0,1.0,0
PGeiszoVusiv0wTHVdWklA,0.0,0.0,1.0,0
lPIsKQYt-md1i3s9CKFZdw,0.0,0.0,NaN,0
Ap5wmWIl1U1xpGciEl_lmQ,0.0,0.0,1.0,0
TaJ3hRYUW9Z82HF0qc4hFQ,0.04,0.3333333333333333,0.6666666666666666,1
gc2Vlj9tsogXG8l0pqJ4Og,0.0,0.0,1.0,0
0hnfc4XlbDFMs69BaV5YbQ,0.04,0.043478260869565216,0.9565217391304348,1
K1VBa17QWjG_ck7WUcb4RQ,0.0,0.0,1.0,0
fhNSa1szPhXYvtcGzPXLiw,0.12,0.14285714285714285,0.8571428571428571,3
Zd3wzNdevk15CwMIJdbjZw,0.36,0.09782608695652174,0.9021739130434783,9
xDed_RrQv7xuwOp9hESt9Q,0.0,0.0,1.0,0
97ZsoydQYxhmQ-XnsxbDog,0.0,0.0,1.0,0
Hbh33TqJjrEOuxZTF2hdFQ,0.0,0.0,1.0,0
w2wFvtGWp7ZGMe-T9fsRIA,0.0,0.0,1.0,0
vMrnL8HA0OvnME8PC0Dg1A,0.04,0.14285714285714285,0.8571428571428571,1
zi9fGHuzhehTaLvcLxd9Lw,0.0,0.0,1.0,0
eTqkngyxFIIoLKm1hq50bg,0.04,0.1111111111111111,0.8888888888888888,1
723Rler7IsBi80ps97vrxA,0.0,0.0,1.0,0
mXMVfThnmi6dnKq9NlC2ug,0.0,0.0,1.0,0
lCmvpQfFpdxhbWVM59eUCg,0.0,0.0,NaN,0
3dRM4nuOI2Hs0AbiMQdWrg,0.0,0.0,1.0,0
M3q6GbQzbWpjZl87Gq2gpQ,0.0,0.0,NaN,0
JOows8IozzDDi64jqgwsTg,0.0,0.0,1.0,0
_W9N0kF0qERB3deAcDISLg,0.0,0.0,NaN,0
MHICYB28dgu7nJWfaIsx1A,0.0,0.0,NaN,0
OZR58zI5EzOfpS_qnhniug,0.0,0.0,1.0,0
vHg6Xw1u-t2LUuyAs3Tf4A,0.0,0.0,1.0,0
sxBKC2jELQe1HaZ7ABevkw,0.0,0.0,1.0,0
Goa5tRkCURz-53WZAABBEw,0.0,0.0,1.0,0
23y0Nv9FFWn_3UWudpnFMA,0.0,0.0,1.0,0
U5YQX_vMl_xQy8EQDqlNQQ,0.0,0.0,1.0,0
h-Zj9GUJvErqVOw-KPKNng,0.04,0.1,0.9,1
jZrbuGRk92uWTu5kHbnDXQ,0.0,0.0,NaN,0
5W2_iwIk6G85_JiaMyhbhA,0.0,0.0,1.0,0
MdjsjgFRXf1g5nIxSL-1zQ,0.0,0.0,1.0,0
WXlxViTwXHPBvhioljN9PQ,0.0,0.0,1.0,0
VJdemYua1fU6JaDH5Jbu0g,0.0,0.0,NaN,0
eY6TPklHTeOaQt9F8a_SGQ,0.04,0.03225806451612903,0.967741935483871,1
KmHtoogKhK-ID7FWGOPvag,0.0,0.0,NaN,0
i8A3MWU33_mtMu3LUMlnWQ,0.0,0.0,NaN,0
BMmtD4a2uTyFxDJ2qHUbSw,0.0,0.0,NaN,0
oclwXRB3C1DdwzW9It0Y4w,0.0,0.0,1.0,0
HhGZh2MQCp6dyopZEiJzXA,0.16,0.23529411764705882,0.7647058823529411,4
jki5LnYkm9Zb2x4bCBrHQA,0.0,0.0,1.0,0
Omhu17Pu7pGbO7KjbYLj1A,0.0,0.0,1.0,0
SxMBY64n31UHPjxzIastUg,0.0,0.0,NaN,0
xmHTC3mvhdXvMGvczCSimw,0.0,0.0,1.0,0
b_akRD5zCY1rKckETyttDw,0.0,0.0,1.0,0
-tdsrQ3QIkGmmP2n6-DTeg,0.0,0.0,NaN,0
4w-xY0Yc-jOvoCT4vJucUQ,0.0,0.0,1.0,0
Jf3EkyDJzpHG5d37iacdpw,0.0,0.0,1.0,0
RypxyWecy2gbECH3-yU4eA,0.04,0.08333333333333333,0.9166666666666666,1
HNrz6Xe7PoLjUp8kBUDykQ,0.04,0.1111111111111111,0.8888888888888888,1
wu-ijx0ZiBThoc9tRHf_Hw,0.0,0.0,1.0,0
7KlKHdsrKVwPAWuFJYXpwQ,0.0,0.0,NaN,0
JUqetNssrYv3ZHiUeruXIA,0.04,0.08333333333333333,0.9166666666666666,1
X9qakqm1ypizTTiC_R58OA,0.04,0.06666666666666667,0.9333333333333333,1
P5uRLwVRpv8OGv1eEvpvhQ,0.0,0.0,1.0,0
4kRvKXJUaD86S2hjuMuUIA,0.0,0.0,1.0,0
xC-q_yh0XwcjRLimkS3RNg,0.04,0.08333333333333333,0.9166666666666666,1
80Vumo-RutgyYMno_2xFwg,0.08,0.06451612903225806,0.9354838709677419,2
puKCWAzXbY4QfpMBOkVEKg,0.0,0.0,NaN,0
eL78gGQ30AlbVHCKQEpcoA,0.08,0.1,0.9,2
Kt-dsblXQnsUv3GjA_DFvg,0.0,0.0,1.0,0
S10Q9h_W-MKyog8IdcCNCQ,0.04,0.16666666666666666,0.8333333333333334,1
UA99n709ya6lRZPT2bQH8Q,0.0,0.0,1.0,0
lqUgcd3YhOX3GjowDn_Hqg,0.04,0.05,0.95,1
b4Dvi7D0LkrJcyzEsP0w4A,0.0,0.0,NaN,0
fr5efb7JrVpFBF9q303NVQ,0.0,0.0,1.0,0
GKNC5QJTb9_FTC3z3aAdRw,0.04,0.125,0.875,1
KyuznsYoqjSYxAK6juGsAQ,0.0,0.0,NaN,0
-3PTUP443q6hQESLKSu95w,0.0,0.0,1.0,0
BqAMAM9wkjUyOJzqYOHg5g,0.0,0.0,1.0,0
Zpk_NpxZ767LP3Zlw87y9w,0.0,0.0,1.0,0
dwUMt2JL6Yxaj8iGRTJzQg,0.0,0.0,1.0,0
_qXAML1zdrHe8vgE4dPymg,0.0,0.0,1.0,0
v5o9CV8nFMfaCwAzEmkR2Q,0.08,0.11764705882352941,0.8823529411764706,2
X-uefJdU44ctKNdB80qqAQ,0.04,0.5,0.5,1
2emKfhlaCUzzr1xbI0CM2A,0.0,0.0,1.0,0
R7G6h1iMjTfBlJ_7_5lTJw,0.0,0.0,1.0,0
DQC3PRt4zfZUgnE0JcYYGw,0.0,0.0,1.0,0
l0uKMipnY5z1aPltLWePOw,0.04,0.0625,0.9375,1
qRTFrQDLnG-UbRGazqhbJA,0.0,0.0,NaN,0
jJDUCuPwVqwjbth3s92whA,0.0,0.0,1.0,0
K6i3CeTT5NCScDns4BSITA,0.0,0.0,1.0,0
w9VSbG6bWPflax5_gwt6pg,0.0,0.0,1.0,0
wygUc_Vkjo6GOQzrCiKDcw,0.0,0.0,1.0,0
1fNQRju9gmoCEvbPQBSo7w,0.0,0.0,1.0,0
ALxRHdxbefyWvZ-7nbmy7Q,0.0,0.0,1.0,0
F54mSpDDjxr05Cb66cAKxw,0.0,0.0,NaN,0
fSYQ_oQ0wNGk2nMJLvNZJA,0.0,0.0,1.0,0
-dbWm5L_Ol2hZeLRoQOK7w,0.0,0.0,1.0,0
rPIQiemmu6kX3WX7xUUJnQ,0.0,0.0,1.0,0
4dIxMP5--LX1X0i3s3PIAA,0.0,0.0,1.0,0
EgotOxec2MuH4xvIv_KRIA,0.0,0.0,1.0,0
_1SKSmLqpHBqWh09DxQMfw,0.0,0.0,NaN,0
SRN1uHVsChLJAR42ryKqYg,0.0,0.0,1.0,0
0XUT600cCh-fFCS4SZe-tQ,0.0,0.0,NaN,0
JL2Ogxq70suesQqDY47YUA,0.0,0.0,NaN,0
6Bai1MguJ1jVOY1wZliCUw,0.0,0.0,NaN,0
2zGh6QDSdiu7xfJ_IyRP4w,0.0,0.0,1.0,0
SCnx1kUDPKszQCWZFma7Ug,0.0,0.0,1.0,0
f_-0PP72bmHQBIMj3K7Dgg,0.0,0.0,1.0,0
wvj0sga8EDk-_KpRDJk1Hg,0.04,0.07692307692307693,0.9230769230769231,1
dn56tvnl3NIWcAE5-r-oJw,0.0,0.0,NaN,0
Vc0SrTF60u0uAI1OgGSPsw,0.0,0.0,NaN,0
EyVtVVwWmijNMJqBGQlv3Q,0.0,0.0,1.0,0
SJD_u3QhXCxKYCtWO3J8aw,0.0,0.0,1.0,0
w2xk1bTBRz7mbusDqz-HdA,0.04,0.16666666666666666,0.8333333333333334,1
_A8CO1V40LPIkXqE-LTYTg,0.0,0.0,1.0,0
iL3YaRr3jgy8RjwWwZ6SJg,0.0,0.0,1.0,0
Oxe8DXjBOi6C-cR2w64zOg,0.0,0.0,NaN,0
65yB0ydGXOZ_-T6J_GbKfw,0.0,0.0,1.0,0
wR1EM6cKTaeT6Av2rA0Edw,0.0,0.0,NaN,0
lokga8I4TNJLS5moy-HT7g,0.0,0.0,NaN,0
o0Skl5T1S74TRkStrW2K8g,0.04,0.0625,0.9375,1
2xVrxhQJUBmOyG4ML77XKw,0.0,0.0,NaN,0
KgJdBWS3ReP6TVhYWJRKmg,0.0,0.0,1.0,0
87-KPVeEqoMpPez8d26jKg,0.0,0.0,1.0,0
hqR5n69QsibHPNJaav5xkA,0.0,0.0,NaN,0
syQQ4lhCqKl12Uc30vPbBQ,0.0,0.0,NaN,0
aDD3a04CnQqMiLsYzeHZ-w,0.04,0.041666666666666664,0.9583333333333334,1
-_2h2cJlBOWAYrfplMU-Cg,0.0,0.0,1.0,0
X9GBGAye3NVCwLsN07RLrA,0.0,0.0,NaN,0
lbOMcwVrr8xMlCcENw2FKw,0.0,0.0,1.0,0
H93EsZIkTfgZ4TjSM_9jUw,0.08,0.1111111111111111,0.8888888888888888,2
qt1b6zXExL-uoJGRRouQYw,0.0,0.0,NaN,0
uGe2SkX3qd6WOfcvcVm9sw,0.0,0.0,1.0,0
foCj2hDfH84WGwglfAbDVA,0.0,0.0,1.0,0
j9mqr1_BHBj9t_pNdiDd8g,0.0,0.0,1.0,0
0w03V5AjlO_EHnRRorlLFQ,0.04,0.25,0.75,1
pqKLdPXMFk7lfajQPxM_6w,0.0,0.0,1.0,0
G-9ujgKmc1J2k7HSqXszsw,0.0,0.0,NaN,0
Lpd_KwKocq8eDapUa4E_SQ,0.08,0.125,0.875,2
rrCvRjWHB0joS557FsWTog,0.0,0.0,NaN,0
Fw8Lj7q7DqTh-m3hGtXoiw,0.0,0.0,1.0,0
MkFySOILZ4yhADa-0tZWZw,0.0,0.0,1.0,0
hJYxiQ3hTg5j3l0HwezI9w,0.0,0.0,1.0,0
dmXpg_unok3cL3eW3RI0fA,0.0,0.0,1.0,0
ZA1OT-PIZwz2kdHDA6mShw,0.0,0.0,NaN,0
xsvmvNG98EL3XmpCABtSGA,0.0,0.0,1.0,0
qntY0ozRmYOzaIaDDyc_6Q,0.04,0.07692307692307693,0.9230769230769231,1
mKGo-8bNq4TII-KMhULFOg,0.0,0.0,1.0,0
tB9OkV99M38oKg9gdy_hdQ,0.0,0.0,1.0,0
pMefTWo6gMdx8WhYSA2u3w,0.0,0.0,1.0,0
MycctOER5yZtixDL64Bz8g,0.0,0.0,NaN,0
Kjh1SBVHyjM-CzN_A5c6kQ,0.0,0.0,1.0,0
7OURjtceW40mhpRX9P2dDg,0.0,0.0,NaN,0
cIygVLsJCN6xT591Zj1zWA,0.0,0.0,1.0,0
-pXs08gJq9ExIk275YLvPg,0.0,0.0,NaN,0
s_O0OT87KZ03Sute-xNIyA,0.0,0.0,1.0,0
Ufw2jb2JCJELgCkxG5YdSQ,0.0,0.0,1.0,0
y05H_1uQhO4frLTJ5_tGCQ,0.0,0.0,1.0,0
XHP6Kvw0UxekKpRPJjF77Q,0.0,0.0,1.0,0
z6qIyc-_oIbgDWAembZ04w,0.04,0.05,0.95,1
ndQnATo5vJ-x4YCIVOUAFQ,0.04,0.06666666666666667,0.9333333333333333,1
fP_BHT5kAytx1k0H2Erg2A,0.12,0.1111111111111111,0.8888888888888888,3
gg3dtBcR3TShNxcD_570Bg,0.0,0.0,1.0,0
tU94-C1zpBsfGFvpsJJr2w,0.0,0.0,1.0,0
4RlbldVNFjekCgE50m2CGw,0.0,0.0,1.0,0
gx9FnHE39rXTEeRx5Fb8wg,0.0,0.0,1.0,0
FREeRQtjdJU83AFtdETBBw,0.0,0.0,1.0,0
oXvYpri1ofscaiEqmCjknA,0.0,0.0,1.0,0
zsna_iioQVRKVNn3NLUjMA,0.0,0.0,1.0,0
mQ_ipH4p_sopQIbxYdoM5w,0.0,0.0,1.0,0
uE57WYH3ypVdI3pzjqY8sg,0.0,0.0,NaN,0
R1PCyy2n0NLWr1NlTz4fmQ,0.0,0.0,1.0,0
LZoZfNY8HNlIqJlNqeYVmw,0.08,0.2222222222222222,0.7777777777777778,2
izdAXYjPdwaztxuT6C7GvQ,0.04,0.1111111111111111,0.8888888888888888,1
EApzjWbLY-s0VKh5BwcR6Q,0.0,0.0,NaN,0
S9no6froaqeisNKc5STyPA,0.0,0.0,1.0,0
LynQaiz-fSMPFfUwDoUjLQ,0.04,0.06666666666666667,0.9333333333333333,1
qWOarY5fsrVi2zdWmk30QA,0.0,0.0,1.0,0
Tq95R-E8w4zqXVt6ntFBCw,0.04,0.25,0.75,1
pF1k48uCdLv3clPQXp0d7A,0.0,0.0,1.0,0
3yMtpQ_wV4ZGg6E69uE1PQ,0.0,0.0,1.0,0
1pzP58PeWictHQzctMU0nQ,0.04,0.25,0.75,1
crsofThakzXFjJLr9q1mWQ,0.0,0.0,1.0,0
LQG9wFTmscbAATp8QWj1hg,0.0,0.0,NaN,0
6zsuSuLEwhUNHEWSDJqt-Q,0.0,0.0,1.0,0
clmrlflES5HrXS-gl_YmrQ,0.0,0.0,1.0,0
wL1-nb9MQrJFQXqpZsO5mg,0.0,0.0,1.0,0
2dcRdQ3brGjwi7UKBIwQ_w,0.0,0.0,1.0,0
Tj-6FX0ZnqHEZYO9iFSD4w,0.0,0.0,NaN,0
T2CxKpjXj3Ln2r_wTB0RLg,0.0,0.0,NaN,0
kP2U1s_sjQfHO9grxiyDTA,0.0,0.0,NaN,0
oyYyKhAZ_R93ZRieGkzA4w,0.0,0.0,1.0,0
C97XNBgGjiSUChUSPloYlQ,0.0,0.0,NaN,0
t2O6rs4fZeY9o6ZY52RyJA,0.0,0.0,1.0,0
QhgaxRYFz8o31mUf9E_nhg,0.08,0.16666666666666666,0.8333333333333334,2
7-hnpyNLzuHo00jUhCxTng,0.0,0.0,1.0,0
AlXx0P-OhUylep0jNi773g,0.0,0.0,NaN,0
1tVRQliYQ_Xw4YGy52njwg,0.04,0.05555555555555555,0.9444444444444444,1
hVtO4OFSKuG-RYBXmnVRWA,0.0,0.0,1.0,0
ukp5bUGNcvl2OWU5CPG7fw,0.0,0.0,1.0,0
yzwOcVyWuXQpmDlPXWw0Mw,0.04,0.125,0.875,1
iwDP-y8NJG3Vem2z242LDg,0.0,0.0,NaN,0
RfbGhtHdujNLwVlLG6TqpA,0.0,0.0,1.0,0
zPmSHgYVv3-izp6wIQ8ylA,0.04,0.25,0.75,1
m5b84-nPPVNLlDtZyVGZ3w,0.0,0.0,1.0,0
oLLYmkej2TMHaTbudug5eA,0.0,0.0,1.0,0
VJfwxCxtLSyCQw6JGL-LZQ,0.0,0.0,NaN,0
RsaPge_6kU2UtJgb7drYag,0.0,0.0,NaN,0
c3DfRslN9pM-34shCBYpzA,0.0,0.0,NaN,0
J4ZLNtDFRMN5lCwvFs9zww,0.0,0.0,NaN,0
ej9bxWKU1yX60oO_COJvrg,0.04,0.09090909090909091,0.9090909090909091,1
02AOwJB1g9ETIDGZznyuAw,0.0,0.0,1.0,0
9W73B44Iw8WslrTNB2CdCg,0.0,0.0,1.0,0
26WgdHfEjWj4BrN-cUNhVw,0.0,0.0,1.0,0
OJjvtxurWoZ4ZNfEVOgSMg,0.0,0.0,NaN,0
kw-YtOKPXrRB2a9wRZlmzQ,0.04,0.02702702702702703,0.972972972972973,1
BsARs-RfJUj5r-TaVxUVVw,0.0,0.0,NaN,0
VZx_Tqu2WPgL5-A4mViyJQ,0.0,0.0,NaN,0
NgSpXzlEm4soUWQbqykUzw,0.0,0.0,NaN,0
MtV1QuQNILQefwWVK-Q-zA,0.0,0.0,1.0,0
mwi6OSsC4fdTc7E-LHc0SQ,0.08,0.08333333333333333,0.9166666666666666,2
EYl9YolYM7ciJy1N4xJSfA,0.0,0.0,1.0,0
FFFeLM5rk29RZn6FmGlHYQ,0.0,0.0,1.0,0
OucFS92pVsGBwzELoBnWvA,0.04,0.08333333333333333,0.9166666666666666,1
GqLTKz0YsSkX-DTc9oHrBg,0.0,0.0,1.0,0
ldS3GeShxTm4Kk2WS3jnHQ,0.0,0.0,1.0,0
qIIWAMJ_LwlJi0fntUpsjg,0.04,0.06666666666666667,0.9333333333333333,1
mKemb3MpSyUbsVUVSmI5tg,0.0,0.0,NaN,0
k6AIp3UhjeTErmR2NZUFYQ,0.0,0.0,1.0,0
buv4fFmsJhDfFWvOgUWxtw,0.0,0.0,1.0,0
ptojgtC68cA31QgNkuRSKg,0.0,0.0,NaN,0
utjGh0V0XweisHuHM6Wn3Q,0.0,0.0,1.0,0
_t3BJzyGaqr9mcDazYiYAQ,0.0,0.0,1.0,0
cMJRdrRMg2C9oHusZcuJtg,0.0,0.0,1.0,0
K9zRgj5QtrBEChp0zX7j6A,0.0,0.0,1.0,0
MylxjEKiTeaWb-GAaPA-zA,0.0,0.0,1.0,0
kTqXgitsshgBE3UWJR_dbg,0.0,0.0,1.0,0
AOyx5wLOfgYBKoZ6v7SHlA,0.04,0.037037037037037035,0.9629629629629629,1
XrYTMhY9YJvzX2pMepIz7A,0.08,0.06896551724137931,0.9310344827586207,2
Ic48xSpFI6L9-0J4k6oaVQ,0.0,0.0,NaN,0
AgWz3sUCZawYG_szu7Bx3A,0.0,0.0,1.0,0
V7BwgPV9st-7coMmHh7rWQ,0.0,0.0,1.0,0
2e5V6M4GNufEnbGJpVdCjw,0.04,0.3333333333333333,0.6666666666666666,1
OmBHPdD3UhTeO3UHq6kBjA,0.04,0.05555555555555555,0.9444444444444444,1
EK8MTw_sYvMssXvyux7VgQ,0.0,0.0,NaN,0
Z4-V0hc51oxUdULWJOufeg,0.0,0.0,1.0,0
RrLRd9M2Q6iYCNnKMZsdtw,0.0,0.0,NaN,0
X2HzPyMzRFDNYDgUZ8vvAg,0.0,0.0,1.0,0
O3q-nwYZykMmacxjru01Zg,0.08,0.020618556701030927,0.979381443298969,2
vbvGTfxCNPU0Owja1h-_MQ,0.0,0.0,1.0,0
mb_8jXannipO5T5V5kGXiQ,0.0,0.0,1.0,0
SAdffUxscHOEygtbQqREIA,0.04,0.07692307692307693,0.9230769230769231,1
Q0DVYlBYH6EDMsJNZWQLqw,0.0,0.0,NaN,0
yf9vbRUlmMv0IzXk57Tbdg,0.0,0.0,NaN,0
kq_zpj1dOIsiU7mExBwilA,0.0,0.0,NaN,0
MHd8KD_H3oCcITOg1K2q_g,0.0,0.0,NaN,0
Vqp0dpug9Db-kFHO3PkAaQ,0.08,0.058823529411764705,0.9411764705882353,2
3qMeM2IZP1L_E-aI08-0xw,0.0,0.0,1.0,0
KBh4r16e9Grc1HI9pG4wTg,0.04,0.05555555555555555,0.9444444444444444,1
vJGLEHyhCs9V-5fAe-xx3w,0.0,0.0,1.0,0
sKIsEeWK1kigG9HNfkPfmg,0.0,0.0,1.0,0
KnlEAQk5dDdQjQS3tos9cw,0.0,0.0,NaN,0
5JttwB3cfxkATSR2RmvLgA,0.0,0.0,1.0,0
1kNsEAhGU8d8xugMuXJGFA,0.0,0.0,1.0,0
J76FnutwAI2PkkB4A-LNwg,0.0,0.0,NaN,0
w8XT23FKowSAR7Lk20J23g,0.0,0.0,NaN,0
N_pxmTwRSoJzDJHpJlZ5iQ,0.04,0.3333333333333333,0.6666666666666666,1
rAfirsvz1RJM9RJDCXWsTw,0.0,0.0,1.0,0
b9Cfa7tkxrl8zuH7yEvEPg,0.0,0.0,1.0,0
eWWuc4pP9W95RftX9PjcHQ,0.0,0.0,1.0,0
Nvpx9fUIAB3oddqgRLEPfg,0.0,0.0,1.0,0
hCHDdEfdv8_pDOqt1r1ccA,0.0,0.0,NaN,0
4Urg4tXL_m6nYsOt34mAeQ,0.04,0.0625,0.9375,1
CkqmyV3UWUd70oM3F-PahQ,0.0,0.0,1.0,0
omYTOVB-NEYOaWPOQcBNYw,0.0,0.0,1.0,0
Ko4y7jIissMR8ZGQlMdpaA,0.08,0.06896551724137931,0.9310344827586207,2
CxDOIDnH8gp9KXzpBHJYXw,0.04,0.022727272727272728,0.9772727272727273,1
ERQXrV4abqYrxvsfbwb8oQ,0.04,0.058823529411764705,0.9411764705882353,1
QozLnf7sjzQ0IRzEAsepKQ,0.04,0.5,0.5,1
Q8xzaz3-OXAxkhtjpFD8jw,0.0,0.0,NaN,0
rx2BRZ6b9EQsfUMK-nxWoA,0.0,0.0,NaN,0
aBXJK7fk2GDhDmgJEKiBeA,0.0,0.0,NaN,0
q6AMn2HPGYVsD31NB1K9xg,0.0,0.0,NaN,0
EjivzO1K8IJP8qCkX9U3qA,0.0,0.0,1.0,0
3Pskc5TXD6WusQZJ3i21Xw,0.0,0.0,1.0,0
4eaCfcwqGxFU_2qvdA_-QQ,0.0,0.0,1.0,0
rK4I1CJLXCQSZIhigdJcnQ,0.0,0.0,NaN,0
vGZjOiKqNunNBIOFxlBFGw,0.0,0.0,1.0,0
UrfdzamoBt0WW9Ifqy7RIw,0.04,0.1,0.9,1
nk82_RFbW378Beuavp9aOQ,0.0,0.0,1.0,0
XNs2G2K0LFMmaP1ceUZQfA,0.0,0.0,1.0,0
eZeBuiVZWT7u3SktO7mv9w,0.08,0.031746031746031744,0.9682539682539683,2
BpNAPKjA2O6rTu5APobHjQ,0.0,0.0,NaN,0
JnPIjvC0cmooNDfsa9BmXg,0.0,0.0,NaN,0
cy7p3OLyDM8guQqc3yeGyg,0.0,0.0,NaN,0
LqET_dyoBSnjdfx8cmzPzQ,0.0,0.0,1.0,0
TvenTNXyYtMNtED0i2tXfA,0.04,0.019230769230769232,0.9807692307692307,1
UgWvxLS9xFvOxLILqxez2Q,0.0,0.0,NaN,0
2Ty2wSzp-qumjUL1dL-1Nw,0.0,0.0,1.0,0
zPadAb9MnwcSHiwcUtAlIg,0.0,0.0,1.0,0
F8I0FAZxzWJjcLoajsYK3Q,0.0,0.0,1.0,0
5sH6Rcahm4R0CdXfSIdOOA,0.0,0.0,1.0,0
iBBLkWtXWzOUUjhT7IqUBA,0.0,0.0,NaN,0
ME52kxq4f7LfxUHg86Cjew,0.0,0.0,NaN,0
sccPVgHWRAww1atzaOfOYQ,0.0,0.0,NaN,0
1kKi-JLBeAGPSe-guSWsCA,0.0,0.0,1.0,0
qM1rRdYScuxvCibTnfidpg,0.04,0.08333333333333333,0.9166666666666666,1
3Ml2JhGnCWjb3Migca1O4A,0.0,0.0,1.0,0
NiCvYagD7M-YcRcam5ZMbg,0.0,0.0,NaN,0
pFCb-1j6oI3TDjr26h2cJQ,0.0,0.0,1.0,0
xVV86BToDOQGxE1gt9MMvg,0.0,0.0,1.0,0
-w6JENytJbsQCqW-jDUWzg,0.0,0.0,NaN,0
HyXK2GNR9i4SWpLQGOqQYQ,0.0,0.0,1.0,0
UBs-A1IL9eB8jg-HXgPWcA,0.0,0.0,1.0,0
gYZlUv_VmsXrcjaTiDAHSQ,0.0,0.0,1.0,0
YSDzb8DnvKozByqBjYiS4w,0.0,0.0,NaN,0
W1pBNUkuskuLM373nQJ0-g,0.0,0.0,1.0,0
ewJ2Ao8ymv_rtPKqood8ng,0.0,0.0,1.0,0
MdxMgdRLjUV2YS_U7LtqTA,0.0,0.0,1.0,0
PfMDMerIdGet_vDYOV8vDA,0.0,0.0,NaN,0
NzlqN1Ca9SW5z780thoiAg,0.0,0.0,1.0,0
n8xs7oUMAU2qt2-xTkUfjg,0.0,0.0,1.0,0
8NmE-WNUMtqzBlbPVuDOcg,0.0,0.0,1.0,0
9sDNyyANgUMNg0RsuR0E7A,0.0,0.0,1.0,0
fm6vvm-T6ojK41Cw6Je3WA,0.0,0.0,1.0,0
4ufUDaBd8pRXce-Q0RtccQ,0.0,0.0,1.0,0
E4pE9TTEtJGxteb4MWD6dg,0.0,0.0,NaN,0
l1VoG-0-bDF-us7xbWxfeg,0.0,0.0,1.0,0
CSA-YFyZWlxPTeAZRJqMWA,0.12,0.2727272727272727,0.7272727272727273,3
vaN-IGQxpRp6SGBpGePSJw,0.0,0.0,NaN,0
JFeQMdvX9H6CPtrDxPF0Yw,0.0,0.0,1.0,0
7cHcDwzMSJMRaI_pgFNeZQ,0.0,0.0,1.0,0
i5jSTSpXJtvM-ExWRttglw,0.0,0.0,1.0,0
YRImPetLwDX4777pcAq4AA,0.0,0.0,1.0,0
u0LXt3Uea_GidxRW1xcsfg,0.0,0.0,1.0,0
tQHPuMvQDT29bZyci2q2Pw,0.0,0.0,1.0,0
QBxRphb2qfjg9mtY3S1BRA,0.04,0.14285714285714285,0.8571428571428571,1
KOHvhD69T7rlnK7zKO2wmA,0.0,0.0,1.0,0
syCxRdiP-0XJenWpJ8L02g,0.0,0.0,1.0,0
7aGalf9mDTNDXFDPdvcqfA,0.0,0.0,1.0,0
zsxwHiAOcLjl7--UFVmpVQ,0.04,0.06666666666666667,0.9333333333333333,1
anKs5ZduICqh30Hd12OY2Q,0.0,0.0,NaN,0
VswgrudhENYcAr8KpE4JOw,0.0,0.0,1.0,0
iYTbvQ1CRUGMrKjQ9EYfZQ,0.04,0.14285714285714285,0.8571428571428571,1
OXDIm9gqgtedByYC_D7Vig,0.0,0.0,NaN,0
yeX7tzZZWCnphQifRJglUg,0.0,0.0,1.0,0
X5KmaGA2fOE8INq4RS43_g,0.0,0.0,1.0,0
HikPdCQGk1mk5JsPjur7Nw,0.0,0.0,NaN,0
mD5_v03iY_sFK2B3Wc0hSA,0.0,0.0,1.0,0
-od707p4FHGul0gte29AoQ,0.0,0.0,1.0,0
LNNQSUtoYEtf0AsGQRwfJQ,0.0,0.0,1.0,0
_h90DPyhfp5048wR9eF92w,0.0,0.0,1.0,0
nYn04MRlJwUhMy3p4iH3ow,0.0,0.0,1.0,0
yVI5J7NGd_WtavM20dBBQw,0.0,0.0,1.0,0
drmTj6FQRWgek_VooTDqZg,0.0,0.0,NaN,0
lqMLVVrwJ0WYuZ5V76rVgw,0.0,0.0,1.0,0
bpWEBrNa3vCDLaTBAfyTBA,0.0,0.0,NaN,0
4KbUaerUBoiUwZGMHKVFxQ,0.0,0.0,1.0,0
ZTKSgba01lWMKT2RUbCGrg,0.0,0.0,NaN,0
nWtHwuTcl-Mu5GL5GB3YBA,0.0,0.0,1.0,0
fxdhXF_ZkHbsQiWlG0nDhA,0.08,0.2222222222222222,0.7777777777777778,2
eSc8pCT0H1ThVV89dfq6Qw,0.04,0.3333333333333333,0.6666666666666666,1
lDtXjw6HWOxQT0owoM_1eA,0.12,0.07894736842105263,0.9210526315789473,3
9fyykvhqSR0BS54JprYh_g,0.04,1.0,0.0,1
uhiY4bYX8ZpFvC3HkGavVQ,0.0,0.0,1.0,0
KYV3TpJiJB2LGN9umfmsHg,0.04,0.14285714285714285,0.8571428571428571,1
OtqdOQ2cwOsO5xwTeBxlsw,0.04,0.3333333333333333,0.6666666666666666,1
i47M8ILWppFSJ44RjCDB5A,0.0,0.0,NaN,0
fM9LC2P8jQrQGGsXKccLQw,0.04,0.0625,0.9375,1
YsQeSdrgdme-Yug2hr1HUw,0.0,0.0,NaN,0
52MlnjkvSLLqKKSRrbrH0w,0.0,0.0,NaN,0
dGx3ECvJ3rz_isz1U5LJJA,0.0,0.0,NaN,0
t8D5N0WUGVkWcPrXZD07Yg,0.0,0.0,1.0,0
Erw46-4d-QIzmj1ULQE0YA,0.0,0.0,1.0,0
sLyFQX2Ipxj0xAdfQtff8w,0.0,0.0,1.0,0
f4f0qnbLkjGnpUvdrtfZzg,0.04,0.06666666666666667,0.9333333333333333,1
qQ4bfJmrfK0iWCZjl8cavQ,0.04,0.06666666666666667,0.9333333333333333,1
eEgeuz6Gg12HZkFZTfbb8A,0.08,0.18181818181818182,0.8181818181818182,2
Ahix-3uCOXmeaTUv0xF_zw,0.0,0.0,NaN,0
iopwkjwc1WnK_-TT9R7l7A,0.0,0.0,1.0,0
WWWWYNDG16P4Pha80srB2g,0.0,0.0,NaN,0
9KS6i_CjljjOuBwhX195KQ,0.0,0.0,NaN,0
-RCD8F7qbsLfzT3k1HtMxg,0.0,0.0,NaN,0
siCkQhJcmmUzOq6qUTCUhA,0.04,0.058823529411764705,0.9411764705882353,1
ma6206bmu-a_Ja7Iv-yRCw,0.0,0.0,1.0,0
ZHim2oPezuAcucPgJiaiQw,0.0,0.0,1.0,0
gS4QCL6j_umAyfJXBGAZJQ,0.0,0.0,1.0,0
MQq_1AlcDWsyNs7Ot8J4OQ,0.0,0.0,NaN,0
JNIQzSzS6GZPv8mPBscJeA,0.0,0.0,1.0,0
_8rzr7qDW5amEsUu1a642w,0.0,0.0,1.0,0
g9MYC0QTNPPmbIdrtdan9A,0.0,0.0,1.0,0
0l3x4EgoWVYdla3CPpAKag,0.0,0.0,1.0,0
TbhyP24zYZqZ2VJZgu1wrg,0.0,0.0,NaN,0
