users,precision,recall,mape
OW0PZxoGFGSOthAmN_cSUg,0.03,0.21428571428571427,0.7857142857142857
zFp22UYxTFPmyFDjkSy7FQ,0.01,1.0,0.0
ayoslNT7RdE-LyzS-fJVFA,0.03,0.11538461538461539,0.8846153846153846
8-elsQ1aqXXoOBBB6hzFsw,0.02,0.2857142857142857,0.7142857142857143
VYqRk78kesHn86jPngPUXQ,0.0,0.0,NaN
b4QVz6G-ZuTk6k4nIir_qA,0.0,0.0,1.0
4zj45H58_jCNCGczF8jAZQ,0.01,0.05,0.95
ira4RzqjC9shmZTJEk8ZAQ,0.0,0.0,NaN
QG9ZJatKSWj5p5VrW3cfMA,0.02,0.2222222222222222,0.7777777777777778
sGO-stZSJKX39qzKfUraYw,0.06,0.14634146341463414,0.8536585365853658
2AZaPPRAWhDDO7k-jlpfwg,0.01,1.0,0.0
7QVNLrJDkjsDsCtODlPdsw,0.03,0.21428571428571427,0.7857142857142857
yVux4cP2BIuHDUv7RXpXPw,0.0,0.0,NaN
djP46l4v0TQTqhLa-ZB1xw,0.02,0.2,0.8
PxDKVBipTwYFaNBkvv9xbg,0.01,0.25,0.75
GwOM1kyHnwTU-FgiDhbO1A,0.0,0.0,1.0
C7Kj6xLZlzvXKzW-u5zLew,0.0,0.0,NaN
sN0zLCtwP9JVcsrPB86G7Q,0.0,0.0,NaN
I9IqqJYtRsamLZ8S_yewCA,0.01,0.16666666666666666,0.8333333333333334
frDvTTb7nxtmDhp8kruttQ,0.0,0.0,1.0
uJucNa2iF6Qdp3woEte73g,0.01,0.25,0.75
9uKbKAfG_N2MrXDZdUuV3Q,0.0,0.0,1.0
o5Ok9mr28O1MmpGaGqE6Tg,0.02,0.2857142857142857,0.7142857142857143
sHY6JcgWOHLP4vR836Esmw,0.03,0.2727272727272727,0.7272727272727273
Isf8G6HPbNqEisKDjmUlbw,0.02,0.13333333333333333,0.8666666666666667
1UwJVPsIiQ1VpzRZhLftSw,0.0,0.0,NaN
k3-rnDDoLuT_MCtA0n1SfA,0.0,0.0,NaN
5aPp3PnDs50CfWMapd7yEg,0.0,0.0,NaN
IVo_5i_pBbQGnlmkvKRk-g,0.0,0.0,NaN
vq6bB7vxk1lzOgqcv5hlmA,0.0,0.0,NaN
6ZEIvCcj3xCx8TNH7-R64A,0.0,0.0,1.0
PxzBS6FXePo9p__FRVLMSg,0.03,0.08571428571428572,0.9142857142857143
AAbUJQ6TIhRnlJOfpy_emA,0.03,0.10714285714285714,0.8928571428571429
iK91qvh5nA3SzE4pxZtrRQ,0.01,1.0,0.0
LoKOWvUpjWsx3emo5B4g4g,0.0,0.0,NaN
zTK1nPD2Hpa-ksSXsE-JzQ,0.03,0.21428571428571427,0.7857142857142857
SGobMWMf7xwbOYHL6WMXyw,0.11,0.22448979591836735,0.7755102040816326
ktm2YMsb65tRnePcYpVlqg,0.04,0.25,0.75
jlpapIPWURjBUg3V31AjKw,0.0,0.0,NaN
HCVvUpb7aU61pC7vYrZQaw,0.0,0.0,NaN
veeaBpjDwo-xfHSz3z3PWg,0.0,0.0,1.0
9i1MHwfiLbYWTnMgkACwgw,0.0,0.0,NaN
Eaai36jQHU5IqPezom4w4A,0.02,0.2857142857142857,0.7142857142857143
ao8zAJ4Kt44Iy2MbRZPPSQ,0.0,0.0,1.0
15Yrx7yqhGp-uUc5ghCcUg,0.0,0.0,NaN
60JrvkRZ8v58-XkZ8B-CQw,0.0,0.0,1.0
PeLGa5vUR8_mcsn-fn42Jg,0.0,0.0,NaN
GBX-guVW0V9scmBvFZjIUw,0.02,0.2222222222222222,0.7777777777777778
ovn7FzjCDBm6qtI_GRreaA,0.02,1.0,0.0
hCy4Kkyo4N0fFLMDpKjYyw,0.06,0.17142857142857143,0.8285714285714286
Ny0vlFSG6s8qr0hWjgUhBA,0.02,0.2222222222222222,0.7777777777777778
hZ_ElhGO3sQDVvM8ZrQetA,0.03,0.2,0.8
rWk_AbsnkXxjC_GAUlNV6A,0.0,0.0,NaN
X4dULKG-TCjkh0bqXjJlFQ,0.0,0.0,NaN
Rzf35jKV8e8EJdssrae_AA,0.0,0.0,1.0
xyx_HjN-8ilSIDo2iCmVPA,0.0,0.0,NaN
3xORNxbKdd08LUf0tclx3A,0.01,0.25,0.75
MG26Ips5arkOiFrvmmtcVg,0.0,0.0,1.0
DCZM9vP-3PwIDNPEvDnDlw,0.0,0.0,NaN
SbMSN-N7WGW3W8ayZYru0w,0.0,0.0,1.0
mvq6mTZBd3mdDg_bZRWiuQ,0.0,0.0,1.0
BX_nDXJD3DGzpej4voDFmQ,0.02,0.11764705882352941,0.8823529411764706
YSTyY5DU4-9wWx7lluTADA,0.0,0.0,1.0
ttLHvUbnPYdeldBj6fSePw,0.0,0.0,NaN
d8zJLY5XBfFABcQI2Nf9IA,0.02,0.09090909090909091,0.9090909090909091
YVdOHf-f4NMfkrEApEZcGQ,0.0,0.0,1.0
TfKRp73rhUhkcLL7sizjYg,0.01,0.3333333333333333,0.6666666666666666
TseW_BaZU0wIjnBvrTTe4Q,0.05,0.1724137931034483,0.8275862068965517
xEUsXVpbwuM5_nR_rECk0Q,0.0,0.0,1.0
4FXbovgSEFZ5_9S5wddFIg,0.0,0.0,NaN
NjLRgbRZiwEIMpAgXypJtw,0.0,0.0,NaN
ffPY_bHX8vLebHu8LBEqfg,0.0,0.0,NaN
VWDL0VgQ2ivpN3oYhL_WsA,0.0,0.0,NaN
8cf5U6sCwYPKDKyLfSi6Ig,0.0,0.0,NaN
771OWzbzelsEeSlx8QsfsQ,0.0,0.0,NaN
79D7HDjpw0iZq6iu52vsSg,0.0,0.0,1.0
R6VQwYh9UiV-gDZ1bh0jzw,0.0,0.0,NaN
0NMeLD8uzXZiniOu-ZpcJw,0.04,0.4,0.6
DrnGZrzdxxsUys2cUSYGBQ,0.0,0.0,1.0
oUst55rUuv2nKEQ0FgJ5GQ,0.0,0.0,1.0
avXKk5RYsDWeRgkHv1wfGQ,0.0,0.0,NaN
z_tqPytGQF_tDw_buHKJcw,0.02,0.06666666666666667,0.9333333333333333
1J1wECaKO1sw8_iMKyDjKA,0.0,0.0,NaN
XOk0Wx1X2qzK5GQq05Aaww,0.06,0.21428571428571427,0.7857142857142857
YIVBjffQUJdzF03H_H4zOA,0.01,0.16666666666666666,0.8333333333333334
rRrFcSEZOTw6iZagsIwTFQ,0.01,0.3333333333333333,0.6666666666666666
EyaluppfmU_oI5pb2jF1TQ,0.0,0.0,NaN
HXv7eS-jw4fTVC42HSl0Qw,0.0,0.0,1.0
ZQYNombDho1PYfnEWFZevw,0.0,0.0,NaN
aX5i6wJy56uyxFtO03hDIA,0.0,0.0,NaN
26EGKrwfJaIJ_gtBdRfxmA,0.01,0.08333333333333333,0.9166666666666666
6du1fgiym4-NeT0f0uegEg,0.0,0.0,NaN
zemsVfzVyyJDPRg6742H4Q,0.0,0.0,1.0
RokD72lhLgQbnfVUJg3bkg,0.07,0.25,0.75
7gtNH30QfC3muRG9wiDbmg,0.0,0.0,NaN
OlsL70HRz3_C9J2WcwuZKw,0.06,0.6,0.4
Et79VAN692zD2j32PM1E8w,0.0,0.0,NaN
y1D2XeZmbQUuQ2ruAr6czQ,0.0,0.0,NaN
FFo6LcBgaFiUgcUHvGqTag,0.03,0.13043478260869565,0.8695652173913043
ia5kvJxYR8gPItl9O4W0Mg,0.0,0.0,1.0
vV7PAaSHB6m__NOY0HHPUg,0.02,0.15384615384615385,0.8461538461538461
VM-pBrNPfZm-5YWcMCVbqw,0.01,0.09090909090909091,0.9090909090909091
lOBObjsCtw_eiyN7T_B75w,0.01,0.07692307692307693,0.9230769230769231
eAJ3Ip0vh-zuk_BmcmchYA,0.01,0.1111111111111111,0.8888888888888888
-rr8yexI0JRT_pqyNgu6jg,0.06,0.6,0.4
TK7208ZMWAERUUY2dEtD6w,0.0,0.0,NaN
N8M8KBiVwRRwY8DsjPVIvg,0.0,0.0,NaN
BuwzRmdVk0uu17qG49l37A,0.01,0.3333333333333333,0.6666666666666666
J-eexAebz2FnwkHmyiDWdg,0.03,0.3333333333333333,0.6666666666666666
LfKyD_XaTnfKoKujRZ1Wug,0.0,0.0,1.0
fEMdDmchvJeMX4fP9VLZyw,0.0,0.0,1.0
vPOkQJKahhR13LQ2ElSFGg,0.0,0.0,NaN
J56JulofBGLzq02id0Xv3g,0.01,0.3333333333333333,0.6666666666666666
0MluhHmcyoSJSCDJMckCFQ,0.0,0.0,1.0
P2sQVHyHmy4WA0I7NI5hWg,0.0,0.0,NaN
_v0FNPAytigcCjBMA6JOIQ,0.02,0.14285714285714285,0.8571428571428571
FPpXNxqy9Gl2UxnZAQHVVw,0.0,0.0,1.0
_bUf-9uN9ajvLs03VBxn6Q,0.0,0.0,NaN
CjhTdmN6qWEKC7Zo6qadow,0.04,0.2857142857142857,0.7142857142857143
95BD1ZQb_g-tCbll7Hp20g,0.01,0.0625,0.9375
tJ1qdNdG0tZywbgH9uw9qw,0.0,0.0,NaN
gYjP8zOIJaXh9MrhqqzwRg,0.0,0.0,1.0
nFKFHfjRr5Ipj2Tmf5Qukw,0.0,0.0,1.0
zAFM9i5XHL4LWMqZcu7_4g,0.0,0.0,NaN
EBJY2eXk40CI4kqfngS7jg,0.0,0.0,1.0
TaVuQWmXAhxy_LvIXBs9sg,0.04,0.2857142857142857,0.7142857142857143
36uY0YLHy70zR7YoXLUKSA,0.0,0.0,NaN
pG9y1uv735_8gqz3-fK-Bw,0.0,0.0,NaN
6HM3Hm3gP0MJ8XN7IkRcRg,0.0,0.0,NaN
qPmcv869l2xgR_Igvqc6Gw,0.01,1.0,0.0
hIG5qvEbM0qLavmUet7qNw,0.01,0.14285714285714285,0.8571428571428571
WsAejVneMXU-_yp_W0b_2A,0.03,0.23076923076923078,0.7692307692307693
N2JbGLHvN8Fmgd03rMJUrw,0.01,0.14285714285714285,0.8571428571428571
yszYcfzs9iyQ4cAnE2sMvg,0.0,0.0,1.0
rKfXiVORJOWKofiwHTzvrA,0.0,0.0,NaN
V0paFRuAuYigBqqFL5m3hA,0.03,0.12,0.88
CVHGjL2hx-EsAvnTHJayYQ,0.08,0.26666666666666666,0.7333333333333333
4zYIcJNAaiYHZkRPcGb_tA,0.0,0.0,1.0
92e_B3VDY5TqxVYsKuNzKg,0.0,0.0,NaN
kchTM2GB-t4yUrdzt_yzPw,0.0,0.0,NaN
-s_3V_7IrkVBcsi-gWxKog,0.01,0.5,0.5
7GVA958q4zs5Z8cdHauU5Q,0.04,0.4444444444444444,0.5555555555555556
x9V7ULRHEGavQD9lR1U0zg,0.02,0.2222222222222222,0.7777777777777778
J7xfWyoVv90PVn2T7JZuhw,0.05,0.2631578947368421,0.7368421052631579
soc2J5OHH7V6JQ7t211Icg,0.0,0.0,NaN
XhkqtgCtfBr81xZJAGcETA,0.0,0.0,NaN
U4qKtWpJgDdeA-nxqKU_jg,0.0,0.0,NaN
3UiW_76DLpz9qQ9PTdHR7w,0.01,0.25,0.75
cMEtAiW60I5wE_vLfTxoJQ,0.03,0.09090909090909091,0.9090909090909091
aGJyYiJNYaz8a-Boa0BOlA,0.0,0.0,1.0
Upv3A5f9VVRaDSmU9M-KmQ,0.02,0.15384615384615385,0.8461538461538461
rzq5nqG2NG13o3ISxJSrsQ,0.0,0.0,NaN
kd9--kcOScxGYuDbW9wOBQ,0.0,0.0,1.0
FNN2v38cAZucLMxMmN83JQ,0.0,0.0,NaN
Y6rQQJiVHEn_SuScZzJSxg,0.0,0.0,NaN
mtsT8yJfRJnbwlpPqCRYkA,0.02,0.2222222222222222,0.7777777777777778
43zyz08tPXuHkhxMavXG0A,0.04,0.3076923076923077,0.6923076923076923
cwueZl7VqnEiuY-c8CWaLQ,0.12,0.26666666666666666,0.7333333333333333
kBjlWLf5KIYLTkL_1zB7Tw,0.0,0.0,1.0
jn6vn65m8uwXLmaTXtQkRw,0.0,0.0,NaN
13sD6TO71SdkB_Xcn275Ug,0.0,0.0,1.0
TryfbZaaGtedncOMq9k86g,0.0,0.0,NaN
OMOeCufDJnlEYtvaRklbVA,0.01,0.5,0.5
AY_cjY1bRAD-I_K11dYvOA,0.14,0.25,0.75
ECQoBkfBts8jeVBlVaSaLg,0.0,0.0,1.0
R4_s7rNd0BLtEUK8bneufA,0.01,0.08333333333333333,0.9166666666666666
ZzBgxz76VzapGy58-eOPEA,0.01,0.16666666666666666,0.8333333333333334
ChWFX5QrRn1H6VYa-9eKHg,0.01,0.3333333333333333,0.6666666666666666
ZW217qAFcBZIFYQleDnm8g,0.0,0.0,NaN
asBFS8k9REpYniB9gVu2Dg,0.0,0.0,NaN
iDlkZO2iILS8Jwfdy7DP9A,0.03,0.07894736842105263,0.9210526315789473
vupnMb60HSaTZrMPYsNsiw,0.0,0.0,NaN
N2OUdPlS9RQHjE3zB7dtQw,0.02,0.2222222222222222,0.7777777777777778
ThTUwfNAdWrK6tKvl-Dtpw,0.01,0.09090909090909091,0.9090909090909091
U2sN2-HGvh27FyXKFlvkBg,0.02,0.25,0.75
HJ0PagNZAg-JJPwu7WdLoA,0.0,0.0,NaN
_lQ9kg-SXdaKNyvRS-I4Ug,0.02,0.08333333333333333,0.9166666666666666
xB6hzmt8aZ06xqdFpLSRoA,0.0,0.0,NaN
TdJ-Sm-_DNDNT14-zUWe4A,0.0,0.0,NaN
o4gaI4EdzxJ9Al4houpusw,0.0,0.0,NaN
a01-flyTlRqKikm6jv7X2w,0.04,0.19047619047619047,0.8095238095238095
yAdnKwB8ReKDY-0po46Thw,0.0,0.0,1.0
Ux4k0W1fvJED0PdU6I8pkA,0.02,0.18181818181818182,0.8181818181818182
Qt6KlG9mVG2h87pJ7jVADA,0.02,0.3333333333333333,0.6666666666666666
Rv8cduGW_BTlv7Ryz5JmGw,0.0,0.0,NaN
s79vzEzqavL_29pmraXZBA,0.01,0.07692307692307693,0.9230769230769231
CrBa61fbUa8BuWJDy3Obgg,0.02,0.2857142857142857,0.7142857142857143
AbVdT3VAgGKhaH7XTi8iew,0.02,0.2,0.8
Npim4I7cjLhnbgX8qt46jg,0.0,0.0,NaN
Q4Qfu-3vYtL1LRm2X1b0Gg,0.0,0.0,NaN
GVIpmH7bkPFcu8a3VXt3xA,0.0,0.0,NaN
GJ7PTY7huYORFKKg3db3Gw,0.0,0.0,1.0
_4nl1_JNiWj8PU2auSOrqA,0.01,0.08333333333333333,0.9166666666666666
9rAqVK2XhLaHEEPXBuVT_A,0.01,0.2,0.8
R-WSKg7NjGyBwIjN4q47xQ,0.0,0.0,1.0
5TCgTJE7uZ848zOEEUiVNg,0.0,0.0,1.0
OZErOKA1RaH2J6flZhU-zA,0.02,0.1,0.9
S9Jw00eZHVj5_0sOM_C5Rg,0.01,0.07142857142857142,0.9285714285714286
o6__ZWGttmlxG87FuHcF0w,0.0,0.0,1.0
c40DTzCb-fHY6vI03PNRLw,0.07,0.23333333333333334,0.7666666666666667
UkLiM2r9UcVXdx81JPGZyg,0.01,1.0,0.0
UK2DsID5q3MCqYX23S6xXw,0.0,0.0,1.0
pMF-NXnnBtF2QHtm43v85w,0.02,0.125,0.875
dlOYCLB7XKORL-BE9lnPnA,0.01,0.25,0.75
YQPDBJKKFFseQybsvo2rog,0.0,0.0,NaN
KeAZHRMFdBBibJBNSaaTUA,0.03,0.21428571428571427,0.7857142857142857
fIxWWXpzRXt796UNs5DDEQ,0.0,0.0,NaN
Hw8mxfICqErjwIVsC5rXUw,0.03,0.2,0.8
D4X52Cyh_TOEac9B0UkFkQ,0.0,0.0,1.0
iT9-cHTEkzUmb85Evy7xcg,0.01,0.5,0.5
6cmLcsKtyzDwPvkYckD3hg,0.0,0.0,NaN
ALK9WBaokEtmotik0RepTQ,0.0,0.0,1.0
7sNE58P4AvsX6QHE8ypCiA,0.0,0.0,1.0
oWd7wL340Z9JiGf5Wu_bSQ,0.03,0.5,0.5
MwWO6axFPTCXqN0DAfUhIQ,0.05,0.17857142857142858,0.8214285714285714
U-TB3j6X8DU6_YiCCnbuFw,0.0,0.0,NaN
prpOBEbyb1HD26t4755gtw,0.0,0.0,1.0
H-8XAPvVls9PROmECeW_Uw,0.01,0.07142857142857142,0.9285714285714286
6Nk8WX1STMTEuKjmRlrh6A,0.01,0.0625,0.9375
Xr5ceZ5Gq7cc8YuyLYz2bA,0.0,0.0,NaN
6xXMPPNb4IlFg1_xB6hydw,0.0,0.0,1.0
qb9kvGuavKng9adYvx-RMg,0.0,0.0,1.0
A2x6u68OhW2XIxq5sAIMaQ,0.01,0.3333333333333333,0.6666666666666666
tFTU5yWOCQLqJMs2YhAaFQ,0.0,0.0,NaN
EMM4HqI1mV7SwqXen6knJw,0.0,0.0,NaN
PnP7LY0ZyY0JkbZp4ecz5A,0.01,0.125,0.875
sTAAPSkBP_6zxpajW40bHw,0.0,0.0,1.0
ZUoL4srnWYglcbzUjMPi7Q,0.03,0.10714285714285714,0.8928571428571429
Z3nwYQzDUimoUl8LNDIxjQ,0.01,0.14285714285714285,0.8571428571428571
gWc0VxrzNh4qN6AuXreWGw,0.04,0.2,0.8
4ECIXWllFTxtJaj1cKOZWw,0.1,0.30303030303030304,0.696969696969697
dXEp1pbm0i2iAZ8Ifnpu7Q,0.0,0.0,NaN
mqRYyvutwc7nC_7oay8MHQ,0.0,0.0,1.0
D2ljL5ejuqpa4f8fnZ1qjw,0.01,0.25,0.75
PqX6OuXz7II9RHWmGEp0QQ,0.0,0.0,1.0
6Z9B-CtCS6R8Sil7U9cz9A,0.0,0.0,1.0
TSThCn9RaHqYF1VknVTTRQ,0.08,0.18181818181818182,0.8181818181818182
rA97zeqOrUYuEM69n0Xn4w,0.02,0.6666666666666666,0.3333333333333333
dx6IhkOv5K-W6xbPk2_M5g,0.02,0.3333333333333333,0.6666666666666666
TYy88K5rTeCqq-4dhm5P_g,0.01,0.14285714285714285,0.8571428571428571
EgUGBGTJUvFJgHyFwgpD1w,0.0,0.0,1.0
XzvdDq5VTiRZTd_6BHT08w,0.0,0.0,NaN
vXYKT-s7XDUB3Ygp6y4N6A,0.01,0.3333333333333333,0.6666666666666666
OzETGbgcAn8udzCgzUjp0g,0.0,0.0,1.0
QuZbJquRtbY9O9JrB9NpxQ,0.0,0.0,NaN
wkEUf5hrjbR0MfTgZU8eVg,0.03,0.16666666666666666,0.8333333333333334
OMEl_8PMsst9UVF5l0k7Sg,0.01,0.125,0.875
XHOyuaYEhETRu6r9Bzbvvw,0.0,0.0,NaN
-zrXNYGN93L3DiujE7zABw,0.1,0.25,0.75
b8LFVfj8Gu3FWJB38b-EDQ,0.0,0.0,1.0
Kgmvv8Y7WJLNOvbIiKHCoA,0.0,0.0,1.0
cpQjpV8uTZWBwqWbFuv2xg,0.01,0.5,0.5
Q09MLnZyBhxDyUjGjD-7dQ,0.02,0.11764705882352941,0.8823529411764706
eDqH7Gr6Pqo7adfZwfQetg,0.01,0.07142857142857142,0.9285714285714286
MdEw8zjnmMdeKQ0vYVmzUA,0.01,0.5,0.5
Z128ihQea7BLPh2T9q9sKA,0.03,0.15,0.85
jHONHSh8BHkmDARrfcoCGg,0.03,0.1,0.9
CF7eIu95znwa2uM_0BfNtQ,0.01,0.1,0.9
3xhIAIzNPhFAp24U3oCB1Q,0.0,0.0,NaN
PyGKfcNiEUGIpN-qv33nkA,0.0,0.0,NaN
l9G9qMq0M97HP6LWN3akVA,0.0,0.0,1.0
JuTO7A20Ch6owCErIBzCAg,0.0,0.0,1.0
C5CHGx_c1kQkA7kT5xaPaQ,0.0,0.0,1.0
2dwYOBA88dId2BwgjWPEfw,0.0,0.0,1.0
9mISZLpu049t8lcOdjBANw,0.0,0.0,1.0
DTYyH9bhrizMV3WVT9ZX2A,0.0,0.0,1.0
q6WC_ded0F01iIPkwYUijg,0.0,0.0,1.0
-KzQH0n2ryLorsVgO7KeRw,0.0,0.0,NaN
NGRGG7nW7mv63SZ-IOfYKA,0.02,0.25,0.75
nFdGjcrP7hq-pVcRyExa6Q,0.0,0.0,1.0
5CQ71pQ4or-_dmi2KGQgzQ,0.0,0.0,NaN
vOdD6pj-ca0ZipQHy8GSKQ,0.02,0.5,0.5
S_Joujv7euX3N9yHqE4IMw,0.01,0.3333333333333333,0.6666666666666666
lqfCumXC24HofGKkgn1Uiw,0.0,0.0,1.0
1vwbBseeDMs8J-4zSz851Q,0.0,0.0,NaN
h9Bu6HuCWktHPBLb6_kduA,0.0,0.0,1.0
B5hmocZTq-e9FHOlQ8lVGQ,0.03,0.17647058823529413,0.8235294117647058
F_VibKB1NLgl-sHMVeWZ_Q,0.01,0.3333333333333333,0.6666666666666666
81pzkzyZ-CR0Fazt8LjPzw,0.0,0.0,1.0
hh2jrSklEfM9Dw5q3rxP3g,0.0,0.0,NaN
kCVPl2RumlSgSDx9PMfXDA,0.0,0.0,NaN
suD8AjbVgB4pAXLawhIAmQ,0.01,0.1111111111111111,0.8888888888888888
0ygWZ_gXF8qTm0bY95JJqA,0.01,0.5,0.5
35MI_KUO4L_fKb8mAVFwng,0.0,0.0,NaN
YcgddEm2VxCiqvfh6sYFuA,0.0,0.0,NaN
BwtgHBtKodsPGHJABzqwiw,0.0,0.0,NaN
LnnYSUlw_MVdtoYUt4oZ5g,0.0,0.0,NaN
XNSyl47aXuPsvC5zXm5uhw,0.0,0.0,NaN
jzkbhkRdjWPwTIOgRGggIg,0.01,0.14285714285714285,0.8571428571428571
f__9p6lo6hmwnAEh3yorsQ,0.03,0.08823529411764706,0.9117647058823529
2hPB83XGvb3InsZQwAHmUw,0.0,0.0,1.0
VXuHnpO4AvZjgfL5KmEEug,0.0,0.0,NaN
cmMX-rmnDnD06U1xGMEIAw,0.0,0.0,1.0
D2HbDbebY5PBBQxbxrjCXQ,0.0,0.0,1.0
avmRUkWovTsaDqKiNKdivQ,0.0,0.0,NaN
CVLBMj5O9TJApZ1OYQOAwg,0.02,0.07692307692307693,0.9230769230769231
G-_KF_Ul4d3WGEa-G0Iq4g,0.0,0.0,1.0
JEEYFXLbKy-KpbTT-BHb6A,0.01,0.07692307692307693,0.9230769230769231
S0YQ47x5g8SfZe87KGvsJw,0.0,0.0,1.0
tFSnxUGaNa2pwb4zClBu_Q,0.1,0.11494252873563218,0.8850574712643678
zZoSBcoN5J8FRPf5lKVZww,0.0,0.0,1.0
FsNBiid47SkFaWdhl7ciYQ,0.0,0.0,NaN
NCvGgElcvNo4WJQPzhpKSQ,0.0,0.0,NaN
4ZkQwaOoLT2eJWux9fE1Jw,0.0,0.0,NaN
TSE_ZF_QxXXv7DlCtRCacQ,0.0,0.0,1.0
iGwIVlQBFX5h2_8sCdIyJQ,0.02,0.125,0.875
LmPxZshPCXBd4mrERDU8RA,0.01,0.5,0.5
RQc1sODOsSL98gRaRUnuYA,0.0,0.0,NaN
FBz8y_39QDBun4OYBmBMSg,0.0,0.0,NaN
-iOeI18tVuwxFHcqCe--fQ,0.01,0.2,0.8
4SxcUfHAVHzMBqb6TtNPQw,0.01,0.5,0.5
NUyshGJONCbnUvMlD_XaBQ,0.0,0.0,NaN
bAdsFiJbGiRzBzhSTUD_2A,0.0,0.0,NaN
LvDh4IoBHdtojqZI1G3vrg,0.0,0.0,1.0
gynMtvoyHZrSDsHMecwd8Q,0.07,0.3684210526315789,0.631578947368421
yqa2qWN6acpmDuDL3U61UA,0.02,0.3333333333333333,0.6666666666666666
anHzk1C0oQRtfuDj74p2RQ,0.0,0.0,NaN
2muqQ2k4gFIdw_GRtojoJQ,0.0,0.0,NaN
4hWXnIzkVcqor3svhBKWcA,0.0,0.0,NaN
1YorWW0Z-YDuYC5GplNabw,0.0,0.0,1.0
d_TBs6J3twMy9GChqUEXkg,0.04,0.06557377049180328,0.9344262295081968
0Fr4FFf5mJ1ImHwLfBu5iA,0.02,0.2857142857142857,0.7142857142857143
afbBrv8hlpxmpak5cZgppQ,0.03,0.17647058823529413,0.8235294117647058
6WYPtBdVh8Iwt96RBGpmSg,0.01,0.125,0.875
9E35LB29RXJixo0563Iwew,0.01,0.09090909090909091,0.9090909090909091
3PnzCtO4eEagc9vq9rZGNw,0.0,0.0,NaN
UodOBKFEFy4M_lCqw9q2jA,0.03,0.25,0.75
0jRcmkgwrjsPtDOeqLJweg,0.02,0.125,0.875
F04oV9zmhwayogr4D-ljAQ,0.0,0.0,1.0
t2Z2DIvvmNdjoH54SFGaKg,0.01,0.09090909090909091,0.9090909090909091
Qjrn5UsK2HBZxx40HYA1iQ,0.0,0.0,NaN
zDGGAnTvhOiSV1gTJKZHTA,0.0,0.0,1.0
p_azadim_uWFOXAhhKB3ag,0.0,0.0,NaN
ctXFXk9-m6PCMoI-Nz2_XQ,0.0,0.0,1.0
irxpUjwKmVx4jDdPKk_mdQ,0.0,0.0,NaN
g0UJg8p83Pr-u1CZfEcFxw,0.03,0.25,0.75
U__Bv9NVVrFOKdZMsl3E3A,0.01,0.5,0.5
Z_PFVN3z3RpEAMwe94cqVQ,0.04,0.16666666666666666,0.8333333333333334
-XXNYOT4fiuH2-TbqfLVLQ,0.04,0.25,0.75
jL41h4Ez98PZfqiKzbbY1w,0.03,0.11538461538461539,0.8846153846153846
2NhLnmeGsZRz-x_QrzO-ug,0.03,0.23076923076923078,0.7692307692307693
TQSLNRAtiXj1zyLZ3OAVrw,0.0,0.0,1.0
akEFRm7rqlxIANKyTlaTOg,0.0,0.0,NaN
z5TgzjEw8YfEbD4KkgKRxw,0.02,0.5,0.5
el3TmKFEFzZOcNbCw2FNlQ,0.01,0.05263157894736842,0.9473684210526315
SqDu5Ydi4hpIxeuE33j23A,0.02,0.09523809523809523,0.9047619047619048
iz0Gk0dHN00biZka56M22Q,0.02,0.08695652173913043,0.9130434782608695
QrLTUaXi52Xnx9M40Fv1Jg,0.01,0.058823529411764705,0.9411764705882353
3iaQRn8gPiuarpYmv9dOJA,0.07,0.5,0.5
NX-OKjTXE5DekxfqVrmFaA,0.0,0.0,NaN
94dYbSY-i1HG6La1QT6Hlw,0.01,1.0,0.0
7WJuXJ_JsRimieKTp6YjaQ,0.0,0.0,1.0
gqL5KBs2oS7qobnyd99iKg,0.0,0.0,NaN
bgl3j8yJcRO-00NkUYsXGQ,0.0,0.0,NaN
sYPuLHkyWjOjjNPYgrkt-Q,0.01,0.25,0.75
rgvuMmaMu8jqnlt90Ydn9w,0.01,0.3333333333333333,0.6666666666666666
P3twsMtaxi1rEufBjhA7Kw,0.01,0.2,0.8
ocB1WhramMTkICc5sZ1bUQ,0.01,0.3333333333333333,0.6666666666666666
JSG_FhQyK1Psg0nDtklt7A,0.01,0.3333333333333333,0.6666666666666666
aSbnrqpX-CHr8nxHhaCHZw,0.0,0.0,NaN
SpwI8V8F199kF1s2i1PpZA,0.04,0.4,0.6
uX_x79YoBJphN0v5W06PDg,0.05,0.625,0.375
S-oatbN-h7SKiWwkTWw5QA,0.0,0.0,1.0
W4ZuWztx47aiksyYPUMYDw,0.13,0.25,0.75
YKPM9UDqKzPpgekWTFezsA,0.02,0.18181818181818182,0.8181818181818182
DPitNu466172os6m0Yri1Q,0.01,0.05555555555555555,0.9444444444444444
JaX-PMgI75CggE6ZzflsoA,0.01,0.5,0.5
PV-0HCthlb_pxAcCvSUfMQ,0.0,0.0,1.0
9w4vI3LRTA4JdJyzOxeEMw,0.0,0.0,NaN
1K6hZMMBPusLvjtx11Y4NA,0.01,0.5,0.5
T8LqkYbwMPZmvXSsUfN8sQ,0.04,0.36363636363636365,0.6363636363636364
nXMMoDzXRByQiWH9cf-FAQ,0.01,0.125,0.875
6J16PG5AJPPglpK3Cyn7Ig,0.0,0.0,NaN
KeuwC8E1238SP6xyKpBM6w,0.0,0.0,NaN
YYJyRguDNjEYWzozCSNnFQ,0.03,0.10344827586206896,0.896551724137931
KuscjaDacFNU-JRdZflS2w,0.02,0.25,0.75
dLWDy4yzVzMQuhjoEcRO0g,0.01,0.5,0.5
B3fFXYyINE4mgO-3RsSLsw,0.0,0.0,NaN
reUMLWwXDGiyUJWm-zQ7QA,0.12,0.3076923076923077,0.6923076923076923
_ySSKiDMjgEA99JKNZo9tg,0.0,0.0,NaN
03a88lU2W4JP_k5H0DGv8A,0.01,0.1111111111111111,0.8888888888888888
1-N36XE-mmUMteN0FqrqTQ,0.06,0.5,0.5
htOYuRL68PFjVaBG-D072A,0.01,0.07142857142857142,0.9285714285714286
yslm6WmvYPHAH5_Rdj32fw,0.01,0.3333333333333333,0.6666666666666666
XdLf7dZH-6kEcZMzo-lG8A,0.0,0.0,1.0
0ibm06KpYdnGL8Ga55w5RQ,0.0,0.0,1.0
tAw16nAiAcAm8V7H1dQ2eg,0.0,0.0,NaN
3_QnhZmuZtAOHNgztR-QZg,0.0,0.0,NaN
PNx1x8x3wjTIjrjhaNiVAQ,0.0,0.0,NaN
uHmOM1EOA4sYmhCs1x7iqw,0.01,0.25,0.75
eHmlxL9Jme-CvuV5SqQVwA,0.01,0.2,0.8
NemUYqVe64qySsPPXPDX_g,0.0,0.0,NaN
GyzIYH4hqTVUiDGqXq29zg,0.0,0.0,NaN
PNB6zpUmw7LY0XqUKpaRkw,0.0,0.0,NaN
8hby5BmfzjlaiUxmfZ2yjg,0.03,0.6,0.4
TVkU2gHhe05v_lgsE_NccA,0.01,0.1111111111111111,0.8888888888888888
ZcwLnR_VGfgLmuJ_7tnAjQ,0.02,0.15384615384615385,0.8461538461538461
9Dj1F91KRmO9ARrKmvkWjQ,0.02,1.0,0.0
eTp3A7h7MHwHjeFvd8vnlg,0.0,0.0,NaN
mkRI07cv5f1gObpkSiPwZA,0.0,0.0,1.0
7pi5q0cT60nBNwlHV0wLKQ,0.01,1.0,0.0
URPjW8ckLuLDLR02uuLpTg,0.0,0.0,1.0
ow_qhJg_0zpv0e8eu2K5ug,0.02,0.09090909090909091,0.9090909090909091
aBwuFN_u8mfzSDQ6oDHwpA,0.01,0.125,0.875
v00qwDpy4uMRZd4WdNsABg,0.0,0.0,NaN
wNdc-L4KhykLcPitMajkPQ,0.02,0.5,0.5
XB-J13-Cd8JK65DLH-664g,0.01,0.047619047619047616,0.9523809523809523
-guyVbrMJxVeBcfdRQc6xw,0.07,0.2916666666666667,0.7083333333333334
qgbRvkZ8tUiAtNAM34YBzg,0.0,0.0,NaN
Jt4u7qnfrk35buainfOuGA,0.0,0.0,NaN
N6ZTMIue-2b30CJv2tyPGg,0.01,1.0,0.0
10RYijsZDzj9KNVLImZBMA,0.0,0.0,1.0
6Q-lmfBlse3-VcULgtp_vg,0.01,0.25,0.75
j_DuiJHWdEJqyjYEt2kAlQ,0.03,0.23076923076923078,0.7692307692307693
F3B0UEWvx6Yj2FSdzj5g_Q,0.01,0.14285714285714285,0.8571428571428571
289XZ50rDG3uEoX263Nnzg,0.01,0.09090909090909091,0.9090909090909091
kjeX2RXvW7RhBbD2QLd5jA,0.02,0.09523809523809523,0.9047619047619048
-RhRXVW9z9fs5zzxhFfnHg,0.0,0.0,NaN
O7ojHP59iSi32uhEDUR44A,0.0,0.0,NaN
8iKukfILG4ry2_iSNjT_cw,0.0,0.0,NaN
P2-6fFaloQscwnrfcPBFAw,0.04,0.10810810810810811,0.8918918918918919
EOLda_b1S7rnuECb9V-VGQ,0.0,0.0,NaN
GmpDiuG2eY7ur1YLbF9O6w,0.0,0.0,NaN
jD9S1crLvnAxzYEG_r_NOA,0.02,0.16666666666666666,0.8333333333333334
b_eoPMd72MLjrOTB9IkrYw,0.0,0.0,NaN
PK4CZEFUeSorBbjHp9FcLQ,0.0,0.0,NaN
E0KoeSFSDCzSf18V5X3I4w,0.0,0.0,1.0
eIFM5RjnGWKukGDMIYiSnw,0.05,0.2631578947368421,0.7368421052631579
XnKUcmayZd-N43fR2n-0Ew,0.01,0.14285714285714285,0.8571428571428571
7yQDHN_9i-Wy6I2tc8yqvg,0.0,0.0,NaN
FWW0x5aoy-hFXALL5-mq5g,0.01,0.14285714285714285,0.8571428571428571
h6yYukc_lo1W3Tsd_YsaAA,0.01,0.25,0.75
sNr5ODRUhMj7mp-0jpbsEQ,0.0,0.0,1.0
Lt060x_5avv_yHytqIweig,0.0,0.0,1.0
R4eLJKwG9yQ44vfwaUHS3g,0.0,0.0,NaN
wmBB4i0c-KuA4obI5x5Uxg,0.02,0.25,0.75
CDHORt_NH2R6ySLHZ4npmg,0.01,0.1111111111111111,0.8888888888888888
JV4mCFFKgf_AurjiAXqq7w,0.0,0.0,NaN
GatewE0UcoilcZTc2en0Iw,0.07,0.5,0.5
_mZb6024rduhmCKOUZhyrg,0.0,0.0,NaN
sRcV5rWNfJ9wbB2guzEd7w,0.0,0.0,1.0
JRZnzzAnlQAzttZBlMj1Yw,0.0,0.0,NaN
qygModUyyK_Hi_b1uxSLFA,0.0,0.0,NaN
9mkaaU4tx5J-029axdvGXg,0.01,0.1111111111111111,0.8888888888888888
hiJRh8szz8217m-0lbfnXg,0.0,0.0,1.0
fdElcNLGXA4jUVTqwkgioQ,0.0,0.0,NaN
SCo1UBoeN3bhRMkSYuiX1A,0.01,0.3333333333333333,0.6666666666666666
A9M5QnBNijp_-2fb743mRA,0.0,0.0,NaN
HJfuzbFTwREQJ13sUUzHWA,0.02,0.2857142857142857,0.7142857142857143
0E6g9TnZ7tTnfvUoyaR6Cw,0.01,0.5,0.5
U4INQZOPSUaj8hMjLlZ3KA,0.01,0.1,0.9
tYF_YmWIW9h7Loq5U2Wenw,0.0,0.0,1.0
0mdh1mokAAZSMibcAaXUEg,0.0,0.0,NaN
v3O6ka--Gus4FfJvk4tgeg,0.02,0.2,0.8
sKd6tuqt1W9HHYG3ZEO9xg,0.01,0.2,0.8
s7xT3jT_BZQiYAaNR9iDTQ,0.0,0.0,1.0
bBRkJp59aKz5kiypt2WjFg,0.0,0.0,1.0
uLVIhe4rW-s81ey5qL7Geg,0.0,0.0,NaN
0SbZc-oRoMiVtrZjxcIDUg,0.0,0.0,NaN
OIVny4cXC6IevrYkw5EmPw,0.0,0.0,NaN
1YpTEenQdfTzTKwrkkNxfA,0.04,0.26666666666666666,0.7333333333333333
63_inzeNX6QGk5t6jASAjw,0.01,0.07142857142857142,0.9285714285714286
7o8YKxNIo8yh5jkR-tJV6w,0.0,0.0,NaN
yaJPtrrvckma2OcUpvcGpA,0.0,0.0,NaN
hZtc9ARVP0XiVIickBrPpw,0.03,0.2,0.8
j8EHmuebLe8avjeFqrL0eg,0.0,0.0,NaN
GWcUI9CnrT7F5oHIkZS4iQ,0.03,0.42857142857142855,0.5714285714285714
2cJ8qo5kyqzDQSwWA9MDww,0.02,0.09523809523809523,0.9047619047619048
Ox89nMY8HpT0vxfKGqDPdA,0.0,0.0,1.0
5jn8w3DQTYiZ606epjYqBQ,0.0,0.0,NaN
T9QzRoP0LZYU7yar41Q7ig,0.02,0.2857142857142857,0.7142857142857143
kycD78Z75r167eiSG8X6Ww,0.0,0.0,NaN
0rOldmzos1vjkd0SmHbKZQ,0.0,0.0,1.0
YrjkSaxkPIRFCRKWOunwXQ,0.02,0.4,0.6
8Vw41rZ96QMwxqOEh1tQhg,0.0,0.0,1.0
ELcQDlf69kb-ihJfxZyL0A,0.06,0.13043478260869565,0.8695652173913043
uNJFuuwCAHd3lzuMRjj_fw,0.0,0.0,NaN
4pA7CWnmzyfSLWacpRE4-g,0.0,0.0,1.0
RUn2C1UgxiY1enPzYG5OyQ,0.01,0.125,0.875
IYeKKqqCA9m_Twgu6WOspg,0.06,0.15,0.85
0TbZjf8nXBMiOgKrjrIJDw,0.03,0.75,0.25
B_lGMaVZMEJDmgxGJjAeyQ,0.08,0.47058823529411764,0.5294117647058824
h0fffFM3GcXll6FsgUGC8g,0.06,0.6666666666666666,0.3333333333333333
ZNk_c5xvXHSjbJd3rnHTeA,0.0,0.0,NaN
W9qjR3QgYMDDgYjWFc3ANw,0.0,0.0,NaN
BpJygDyhzDf7Pw1Is_5zSA,0.03,0.12,0.88
6CbNnrhmjcGLX_FM1vvVrg,0.0,0.0,NaN
jwfOpCgeob0itikBIfPi2Q,0.0,0.0,1.0
AIHzJz0AvTq0FxCLtBhOZA,0.0,0.0,NaN
pIrbS8OjmgsT2-NAIt3oZg,0.02,0.16666666666666666,0.8333333333333334
egybhvOhHyl4gjmqvjXtow,0.0,0.0,1.0
CqUtPI_RjqmOHqpxe3kETA,0.0,0.0,NaN
vzWcbVVCPF-2EOXtTvVX5g,0.0,0.0,NaN
6RVjiuwmdfxGDRWCxlCn_Q,0.02,0.18181818181818182,0.8181818181818182
8UPTxp6SXvQe6JoEbEGcyA,0.0,0.0,NaN
cuI-JD3wYocSma-s7pAlXA,0.0,0.0,1.0
k6vOe0_qglL2PZlBldoKeQ,0.02,0.4,0.6
RA8rnkYpxYKbjyve02q-EQ,0.0,0.0,NaN
iOR5mdeMaR36VbA76IGbMQ,0.01,0.5,0.5
FHLykBtx1ETWJyqgcMoJJQ,0.0,0.0,NaN
5J9F7TmbgEAznoQ2T6tbRw,0.02,0.15384615384615385,0.8461538461538461
0UI9KTPdtkwl9lMdMT-Sgg,0.0,0.0,NaN
Q6Dcxo3_lNCzkqK7J3FL7A,0.02,0.18181818181818182,0.8181818181818182
DSDL_v5dvLOIJ-o5sRhz4w,0.0,0.0,1.0
wWIwGPQs0P7Xtx_5Zp5cag,0.0,0.0,NaN
WZP3VvatwHHlG4DlpXbsTQ,0.02,0.2,0.8
W7nxCUJo7tWNTaOlHIZ58w,0.07,0.5,0.5
QJ9ILC6jOytB2rk8Z0e6FA,0.0,0.0,NaN
b34yOQoUDev_l6BzDBMpUQ,0.03,0.5,0.5
sW-Civa9U8SbXlMZa5M60g,0.01,0.25,0.75
iTxPwAK3uqAIg1YtB2nFKw,0.01,0.16666666666666666,0.8333333333333334
4ytH40fEIGg_wTYFuw2gag,0.0,0.0,NaN
mCyRUchXP42WRYEgjbc5cw,0.0,0.0,1.0
wsE9Q8U3rEAQgvWF6nEsUg,0.04,0.16666666666666666,0.8333333333333334
t8a4wTKqHjF6b_6VqBfr8A,0.0,0.0,NaN
XGm9e8Nrf3GeGYJjLxOsAw,0.0,0.0,NaN
fCWEsW3lhZk2RQ0zPrqvsw,0.05,0.17857142857142858,0.8214285714285714
GK07iEy8UllYo113DlNnww,0.0,0.0,NaN
n8sxD3ybFwCHhOo9P3bVhw,0.0,0.0,1.0
6GT6kAIyCT9MA7y1ZN_PUw,0.13,0.16666666666666666,0.8333333333333334
Vw3DWRZF-8Wt_A5rWKLKHQ,0.0,0.0,NaN
HHrDK8PKL3div1uBYym6LQ,0.02,0.2,0.8
yl9OsZ6PA_lwGrse6aEtJA,0.02,0.18181818181818182,0.8181818181818182
WMMI5Q4Rmm1Rqdu0jOvyhQ,0.05,0.08928571428571429,0.9107142857142857
Olo_x4fV1sFBtlj6COf9Wg,0.01,0.09090909090909091,0.9090909090909091
9KIGNO7qJ6366VBAzO0Npw,0.0,0.0,NaN
2n1VIiuJueBRHDytgTq9Zg,0.02,0.06451612903225806,0.9354838709677419
rhE4gLtM0gb3XLwSz6HPCw,0.0,0.0,1.0
TQ9A1LVp6z-fIc494RsLDQ,0.0,0.0,NaN
PGOY-ncw_bfJ8wdkJY1ETA,0.02,0.4,0.6
e_Rmm18fK11D9-2_uzd4XQ,0.0,0.0,NaN
9R5ew7bgn4Xwd3wn8uWRaQ,0.05,0.2631578947368421,0.7368421052631579
eulCbMQqlqxtf5ZjTaB2Vw,0.0,0.0,NaN
gOVcfXAj254BdxmcRXPLMQ,0.02,0.15384615384615385,0.8461538461538461
jOd8nrsgnRrh-gNKgz_zuw,0.0,0.0,1.0
22dqLO1If5t3j06a2gd7lA,0.04,0.5,0.5
Exa4ztuy4tHCMTn5gamQDQ,0.0,0.0,NaN
ytIc3CFzF1xTNyJhdqtLFg,0.0,0.0,NaN
nWh05uXTfV-L7s3iZon4Fg,0.0,0.0,1.0
clSor65-ie2nuNmcr6tUUQ,0.0,0.0,NaN
Bb91vcfkeF5Jb_30N6OAww,0.0,0.0,1.0
i2dkuiHX0WzQqDDnoQLg-Q,0.0,0.0,NaN
MTfbkOQvNx-g4xpFExusNA,0.03,0.42857142857142855,0.5714285714285714
LP9_pEcY-ofbVGIhK9UUDw,0.01,0.16666666666666666,0.8333333333333334
h2KVxcdzCYZ0ZBCUQQaB6Q,0.03,0.3333333333333333,0.6666666666666666
bpgbVPJcG-wQ4cNBcPPIxw,0.05,0.23809523809523808,0.7619047619047619
5Z-3tcM07Pyc4mOF2Rjt6Q,0.0,0.0,NaN
fSR_UX9kSeU4oOkrP4zacg,0.04,0.3076923076923077,0.6923076923076923
Tsm8VraTp5OGyVALtUiCeQ,0.01,0.14285714285714285,0.8571428571428571
LrkuATjnUC7i62ExOXmGcw,0.0,0.0,NaN
04J_q_VhSBItxNiEAN-gkA,0.0,0.0,1.0
gvyYZgFdBbcT3xGjWOvZag,0.0,0.0,NaN
LDPEAJhpzdxx-w8Zw26Dmw,0.0,0.0,NaN
JTegUiKlmLNyTn0AdPSKbA,0.05,0.29411764705882354,0.7058823529411765
kswHHWKiuq7nKtSOeIOk3A,0.02,0.15384615384615385,0.8461538461538461
6xNkxlKhTNLQHvpspZu_Vg,0.0,0.0,1.0
PIPZ_kiPDZXzyu-0YH9lNw,0.01,0.2,0.8
zbahX7xiLbjWWM4_L43lhg,0.03,0.2727272727272727,0.7272727272727273
IfSM3KeY690LDD2BP7y5jQ,0.01,0.3333333333333333,0.6666666666666666
61AymMi8D4RTQ2aa1w41ew,0.04,0.36363636363636365,0.6363636363636364
qibGLHABNReGeJr2w4_8yQ,0.0,0.0,NaN
no2kFt4TEEzZDVaM8haSDA,0.0,0.0,1.0
y0eMLg02lCzxu6q6Cacw7Q,0.03,0.23076923076923078,0.7692307692307693
FsGjL_GNpzhvSCQ3DJiHpA,0.06,0.5,0.5
aLZ7FiMSjmEE9Y1chUmydg,0.03,0.375,0.625
VFXKRVzEMbnsDcYFdwiiuA,0.02,0.2857142857142857,0.7142857142857143
QTNMJ8unxkk8XT4Tl4a68g,0.01,0.16666666666666666,0.8333333333333334
EFMWPHOoiFk_l_FhCMxZ4Q,0.0,0.0,1.0
BTxxGYdw8CNV7UZGc9YU1Q,0.0,0.0,1.0
1ghFOCMBpo2bGaWu_c1tcg,0.0,0.0,1.0
sRrl6zoyLYRTVlhdn25hhQ,0.0,0.0,1.0
A50HUIuFNH0S0T1o8iL1Gw,0.02,0.3333333333333333,0.6666666666666666
6I1KT1SCGbAaTzTIMqF_eQ,0.0,0.0,NaN
WnuA7ijDeUQGTp4QBqiSbg,0.0,0.0,NaN
I8fSOBVLBS9h-GNrmOXmHQ,0.0,0.0,NaN
JvCoLD6nguZx1jaWgGvRSg,0.0,0.0,1.0
Rs-HbyVraRCP2X4ey1t-IQ,0.0,0.0,NaN
P1NI5QCqsFskRjucA3FNSg,0.01,0.5,0.5
CXLJPkPhqMUysBA9TiPPHw,0.0,0.0,1.0
OPMi1ZqVGL2WDeUnFwkVBA,0.0,0.0,1.0
gSIc7ujgQ7LmNn8CLSbG4w,0.02,0.5,0.5
dEk7mXM4npuDPmxrwPcEgQ,0.02,0.13333333333333333,0.8666666666666667
Cy80vakyzvbZfrsbldOElw,0.02,0.5,0.5
UmXzwFM2OkZHWJ5cJZlqkg,0.0,0.0,NaN
cZMn2p8HbzEkFknbvM8e9A,0.03,0.3,0.7
ra1B--GCViFqx_ZcIk1UWw,0.0,0.0,NaN
rtRVb54VIXOUI_5mT1rhgQ,0.01,0.058823529411764705,0.9411764705882353
CJqgUQeWhdgbDyLAFy7xvQ,0.0,0.0,1.0
Ir0stkOXlnnTrT9hN0Kozw,0.01,0.5,0.5
uYAeoRqC_QtxqI9Vf_Pqpg,0.0,0.0,1.0
rKOVduk_kQpoIiom5lbBAQ,0.0,0.0,NaN
7nI_9eRz1YKnaA0AYTLiBw,0.0,0.0,1.0
1l_O3VEl9TV_JjKAzzyz0Q,0.01,0.25,0.75
3D2KdvX-Ppe2cy6zz1WiRA,0.04,0.16,0.84
roykApcZzCGHP6nxTWK6cA,0.03,0.2727272727272727,0.7272727272727273
NvPaJD93VUlvkYdCY7MisQ,0.0,0.0,NaN
fVEv0jPswBOMV21hI175yA,0.0,0.0,NaN
Rp1_suVRaH7Fha0RsT9u5Q,0.02,0.125,0.875
hgo-RatbxoXsooK916DWrQ,0.0,0.0,NaN
jilGEWFqRU_lnoweP0LS5g,0.05,0.2631578947368421,0.7368421052631579
ISnQFvO_qKRoQTyj7DxdhQ,0.0,0.0,1.0
v6SrDjzqb3oS6CbHB0xjPw,0.0,0.0,NaN
tScgzC_Zt3-5rViXNLWacQ,0.0,0.0,1.0
e5wCFNp8pBWDPNDdM9P5bQ,0.0,0.0,1.0
K_RO5PtBp3K7eWJlu8lT4A,0.0,0.0,NaN
ahwwAXJ_qwGmuRjTOHHMWg,0.02,0.13333333333333333,0.8666666666666667
BlSbxxb1vyfFoLGjfHh5dg,0.07,0.25925925925925924,0.7407407407407407
zo1-8IQIt75w6jM0pyX5zg,0.02,0.2,0.8
ODZxY8BgOKkwJropDUqzBw,0.01,0.16666666666666666,0.8333333333333334
mEChm9W3RqG-5LN6G5d4YQ,0.0,0.0,1.0
H9r0oSBjZ4igDLVH0iavmw,0.01,0.1111111111111111,0.8888888888888888
dFiTRgfEfk2vA7r5Y3wJHQ,0.0,0.0,1.0
oaaEXgQ3x51cXE3GTXrT1Q,0.0,0.0,NaN
HnZ9SrrAMsq43A6N6UTXbw,0.05,0.23809523809523808,0.7619047619047619
vLixm38Zd-xgAvN1LQJfKQ,0.0,0.0,NaN
UCePaJxpQcMSK0fgE9hMuA,0.0,0.0,1.0
DQ5Szn4T14ddEd6F5jHHpg,0.0,0.0,NaN
NsegE9Mqm3GCQeSx0v0tYw,0.0,0.0,NaN
CeB_fH8Z_pLG8NNdIiwMiQ,0.03,0.42857142857142855,0.5714285714285714
pazeYPyJ2ycDiNDcmamntQ,0.0,0.0,1.0
KUTTubStiNYigQpi3L9-3w,0.0,0.0,1.0
j2ASdNOYY4SdXbE3KpkAKQ,0.03,0.17647058823529413,0.8235294117647058
fbdoogtz5I7P-WS69fdqcg,0.0,0.0,1.0
CXVMRsnbuuNKetMy_gAyBw,0.0,0.0,1.0
Y_QBiZpATJoz8hKUfYF66A,0.0,0.0,1.0
mR0N5-ypFf2lFZn8SJ-cUw,0.04,0.16,0.84
lU_aNRWw8edBmIi5_NARmg,0.0,0.0,NaN
N7E-CfqdME28dakWdEKNvw,0.01,0.14285714285714285,0.8571428571428571
jGGQBoFA7P0A8jEcQRhCjA,0.0,0.0,1.0
ucFH9zp8U_wwqbVM7XOhxg,0.0,0.0,1.0
1uag3wxLKUiK4qZ0c_tCKQ,0.03,0.5,0.5
hQAVub19SXbpqJLGHt-8vg,0.03,0.3333333333333333,0.6666666666666666
1AKf_1cyKliulq-lEkEpaQ,0.05,0.625,0.375
UyuWAvDcLp4zU1Wfc1PNXg,0.0,0.0,NaN
Z182-MFrmQG0BxfK77u2Bw,0.01,0.08333333333333333,0.9166666666666666
VvLhL1THnDwNNWlP4ydv8g,0.07,0.2692307692307692,0.7307692307692307
AKXqbuifvfvNEpr3Qs51hQ,0.0,0.0,NaN
dIIKEfOgo0KqUfGQvGikPg,0.01,0.06666666666666667,0.9333333333333333
MFGDwMQJijNc0mHv1s_BUQ,0.0,0.0,NaN
_txhy3UvyGffFh8FLO2_qw,0.0,0.0,NaN
C4-DtyZClKlyIi9_9xc5AA,0.0,0.0,1.0
ZTu0dbYOGkg4aI0vG7HOvQ,0.02,0.08333333333333333,0.9166666666666666
njbzzoW5Ex8K9siqF4eVYg,0.02,0.16666666666666666,0.8333333333333334
ieFfKNd7BF414uVGThON8w,0.0,0.0,1.0
5jz-BicrPZGCp-Mi-oBRUw,0.01,0.2,0.8
hsi7zmwZCnxOq675lsEB8A,0.0,0.0,1.0
DK57YibC5ShBmqQl97CKog,0.09,0.23684210526315788,0.7631578947368421
6HR-WUqKP4iluiywYoGVfQ,0.06,0.2608695652173913,0.7391304347826086
oc3u68ugJlAP__025Ji2fw,0.0,0.0,NaN
xVSmq0sIWEXkltGUwLM_Zg,0.03,0.3333333333333333,0.6666666666666666
un2KUxPNvUOZDuUYoN-FQg,0.0,0.0,NaN
Vmsmf4i096q9feBgp4CuXA,0.0,0.0,NaN
rkHvnNs5fxV9zFGj0z7h2w,0.0,0.0,NaN
EyLVCFOKltmlMg7XcRxU9Q,0.0,0.0,NaN
nDE9rO4ySQ8PbPR36k3I0g,0.04,0.3333333333333333,0.6666666666666666
cjzjOubh5VPSNHl4O7k5IQ,0.0,0.0,NaN
kPaqBMv4mU-N80Fzd8vU3A,0.0,0.0,NaN
rrjB-HqvK1IEgQETHxqXWQ,0.0,0.0,NaN
SpORIkmTMNDxixFOcIE8cA,0.03,0.3,0.7
8SgjU2fID9VqKQooFt1DIQ,0.02,0.2857142857142857,0.7142857142857143
nO375HmzagqxwcLwFucE2Q,0.01,0.14285714285714285,0.8571428571428571
Y_R3mRupfUQC_lbwP8_sZA,0.01,0.5,0.5
2U5VJvQ17FtB0wAmpaMowA,0.02,0.5,0.5
PBSk4cQN8gA8ysKFz32PLA,0.0,0.0,1.0
DHQWSHz6b7Jsy-A04m1cIA,0.04,0.4,0.6
P1cF6tuUES0jMpoTdWZSlQ,0.0,0.0,NaN
h-YddB7Yl-AnY3TnTmC3wg,0.0,0.0,1.0
XF3ho4jKNzFy9PInhRbBWg,0.0,0.0,NaN
bA_0WltreAfajPFUm5rgfg,0.01,0.14285714285714285,0.8571428571428571
24AzZDQKHySwMQR7VQVCAg,0.0,0.0,1.0
PaCipJMIGAhK2c9bQVkeJw,0.0,0.0,NaN
I8K8inWlqoQ3af_CAER56w,0.0,0.0,NaN
5SestduEtjxmUMPeQmgNmA,0.03,0.23076923076923078,0.7692307692307693
q2hltqLGL7PVQ811K27blQ,0.0,0.0,1.0
IKclQ5jW5I3Zo1b0GKWIZw,0.03,0.6,0.4
S8pm4tUyneQUDKLr4B2ptg,0.0,0.0,NaN
pwQ8E-hbDUJe3qtKt_IBBg,0.02,0.047619047619047616,0.9523809523809523
YpGt3hdq5adPlEFn9fQ2Zw,0.04,0.125,0.875
Usvn6LvVXlZFcLWqFS-L5g,0.0,0.0,NaN
XXh0CQ1vWRBRPSSwc2WpwQ,0.05,0.3125,0.6875
cQK407Dkqyi9pf4Bqtum0w,0.01,0.08333333333333333,0.9166666666666666
HdOMMT-x4R_HRpSgjRnoug,0.0,0.0,NaN
8SSaCgmvsztEOg2CqeXxnw,0.0,0.0,1.0
2eToXGVa0Fzti8drf3HaoQ,0.01,0.5,0.5
ryDattwRHu89e2eNiIjJOw,0.01,0.14285714285714285,0.8571428571428571
GE7DgP1uFPEBCr81NEWMjg,0.04,0.2222222222222222,0.7777777777777778
pG-0fg0xNjjpWiFjAJN_pQ,0.0,0.0,NaN
unpx7Qaj20H7pVVWheqvQQ,0.05,0.2777777777777778,0.7222222222222222
0iG_uwGjGzHrXV9FoxLCNg,0.0,0.0,NaN
Qu8a6nCM_0-TJejCSsh2xA,0.0,0.0,NaN
5jEEo7SoLGMUq1FuRW182A,0.0,0.0,NaN
21gbHdCuEXa_ig09V4zZYw,0.0,0.0,NaN
xNtyCCh-Tjct-sjAanEhaA,0.01,0.3333333333333333,0.6666666666666666
M8DD9IIyq_NpI-A9K_Vfaw,0.01,0.1,0.9
0pgYDWcqMiiHUln2JUux3A,0.01,0.5,0.5
My2udpZVNoXSdcu3uU20pg,0.02,0.4,0.6
KnqLjBIIhe_Orqs6XFZ-NA,0.0,0.0,NaN
bxBR0vakC_OAU-5rCYCDsw,0.01,1.0,0.0
Za04ZUz8FQYyG67Mmg50Hw,0.01,0.05555555555555555,0.9444444444444444
Yej5B4nd8PqpHMQcmCTDrg,0.0,0.0,NaN
iIlapFJx_ut5_jMtnRBYoQ,0.01,0.07142857142857142,0.9285714285714286
ag4KXilKH4Yl9o9QqLOzOQ,0.0,0.0,NaN
U5vnrSTvaoFLdaFoe5r1Yg,0.01,0.3333333333333333,0.6666666666666666
LkJSvJy7KaxVBPpWBFJe6g,0.0,0.0,1.0
PT6GrJLyXYtXvprtQ79IMQ,0.03,0.0967741935483871,0.9032258064516129
KX5Mdtdfow-FaR6MWz_DzQ,0.01,1.0,0.0
Mq8Su0PZC8D4EaJrLJOhYw,0.01,0.05,0.95
iXGoQVfBXU0CrwrRBWXozA,0.0,0.0,NaN
WwW0bh9cXtyl4ruIKjlAqg,0.01,0.1111111111111111,0.8888888888888888
0CuIwjdRrcOsUrO-2gE-9A,0.0,0.0,NaN
eCPFkdoHhySZAAMWLOa3kg,0.0,0.0,NaN
QPR7RorKlNY-hPEYTQZAhA,0.05,0.16666666666666666,0.8333333333333334
R1RDHafKh9T426DijeRixA,0.01,0.05,0.95
yks-zWhYKVV-S_luTu3dNQ,0.0,0.0,NaN
_CDP0zqXE3iqMYGitD_NjA,0.0,0.0,1.0
7BdDh9NBmC-Vdt-WKeXxdw,0.0,0.0,NaN
9YRFLVFVbHGAJ1weFx5zqw,0.0,0.0,NaN
PcPminF0bIUsKjUh9e4DMQ,0.01,0.3333333333333333,0.6666666666666666
ISNbZn_lBKP7w1aGGaVyvw,0.0,0.0,NaN
DgPtEt-MsOBqqydh4w0Vtw,0.0,0.0,NaN
YpnuAoUgJQFsEh06cCbjkA,0.02,0.09523809523809523,0.9047619047619048
S2v2kf5ZWjvA4CjqMevXkA,0.01,0.16666666666666666,0.8333333333333334
iUu4J5hCSZn2C4_UYa2HNg,0.04,0.2857142857142857,0.7142857142857143
4B9IRGGTpvPeIYQCYJ_fKg,0.0,0.0,NaN
TCPLaprJm4FFei2DkW6K6g,0.12,0.20689655172413793,0.7931034482758621
LE9BTPmR6phZR9R851GBDA,0.0,0.0,1.0
lT2h25ZSr4c-Z9w9UODIgQ,0.01,0.125,0.875
IfKHh1RbkXNMoAZuFXa1rA,0.0,0.0,NaN
wTTalOQvYZheaksFnFc4kw,0.0,0.0,NaN
tJlrTL44p23IBpc8j9bbmA,0.0,0.0,1.0
9d52DhEbJQ1w5LXaZw4nzQ,0.0,0.0,NaN
T0C47-zkkVpyW6AUp3wzhg,0.0,0.0,NaN
-0udWcFQEt2M8kM3xcIofw,0.03,0.17647058823529413,0.8235294117647058
TvVl0npJ4HaAAUN165FjOA,0.01,0.5,0.5
V-BbqKqO8anwplGRx9Q5aQ,0.06,0.24,0.76
uRNxoFcZ4a2VLXAJ2v9dhQ,0.0,0.0,NaN
GwWjnIPiaw9uBOVGC8s-RQ,0.0,0.0,1.0
SCPgLdL2hoeP3Plnc0dkzg,0.01,1.0,0.0
THXdIY73jWmzYNrYPp-dIw,0.01,0.14285714285714285,0.8571428571428571
9SiMC8YFsAZi1kZ-cyxG6w,0.0,0.0,NaN
G6bkueZBowPPG5kygyRkLA,0.0,0.0,NaN
OJAXdqwiA8aWXTJw_2hu1w,0.04,0.2857142857142857,0.7142857142857143
0EigY2IT-Boxz4tFj-P1Zg,0.0,0.0,1.0
vHaxYeTciV7IbPFu2uBjiw,0.07,0.3684210526315789,0.631578947368421
uvcztF86ywSJ9PdZndjplw,0.0,0.0,1.0
1c93M7TpTMYuNUwVYkli2A,0.02,0.4,0.6
WpRzrJt75H0r5KeilyQ9VA,0.0,0.0,1.0
yafSoCfUfh_ZWM6IuPOeiQ,0.0,0.0,1.0
SMyoW77hy5Ei6nhq1REZqQ,0.0,0.0,NaN
sOCuf-jZo43DUzWTDKiR9w,0.0,0.0,1.0
7HmXaZ1C8--Mt4MyItJiqg,0.01,0.14285714285714285,0.8571428571428571
9KGSlYAYkI7xt1xrA4rrcQ,0.0,0.0,NaN
r45g57yPyLTnx2tFL-6VuQ,0.0,0.0,1.0
MVRQXweLZPK37BGOx0bxQQ,0.0,0.0,NaN
fOYLR_xEYjlPgM8RFSUDZA,0.04,0.25,0.75
bYyT9pUAS0M8EsHY6-7OSQ,0.01,1.0,0.0
sTcYq6goD1Fa2WS9MSkSvQ,0.03,0.14285714285714285,0.8571428571428571
vGkha82V8Y9fog6iddlTQA,0.0,0.0,NaN
P5sIeGBWQNBA2qBBCuQxhg,0.02,1.0,0.0
ANGEq9ts9_U3djtInnc7vQ,0.0,0.0,NaN
_gAkHiLDnucs_btDcJRcdQ,0.02,0.2,0.8
ACwN3HGetqPVhAgGKzdnsA,0.02,0.4,0.6
5V8eXkTJb6IejJkMDaj_Bw,0.0,0.0,NaN
btvuZJmh5j7P-maCM4RtHA,0.03,0.17647058823529413,0.8235294117647058
loG8W6cOsNFollQeGYO-Ew,0.0,0.0,NaN
XEcsxGwyIgeYApWghDfg_g,0.01,0.2,0.8
sFRnh5U0bfTe8Ox8PygjHg,0.0,0.0,NaN
w1TjcJ6itK7LC_IY61NQIQ,0.0,0.0,NaN
R6vb0FtmClhfwajs_AuusQ,0.0,0.0,1.0
DwIetk5y9m6AypCjPux6RQ,0.0,0.0,NaN
hrHy0S30UgjPy-dj1J4WNA,0.0,0.0,NaN
gfkqcA7y6HLCbOSO-bcvjQ,0.01,0.2,0.8
fi4H2W9n1ssXq6YuA0o04A,0.0,0.0,1.0
EEb3k_FXuvQH6drd9klMRg,0.02,0.2,0.8
_h7MvLhBZ3Tzu8wktuKlGA,0.0,0.0,NaN
pss82aEG-Vph5R0CKJJDLA,0.04,0.3076923076923077,0.6923076923076923
yoT5mQ0EeB40AAMi4ZIyTw,0.0,0.0,NaN
m07sy7eLtOjVdZ8oN9JKag,0.02,0.10526315789473684,0.8947368421052632
FyfQhvu-JXmkX8l1KgzT8w,0.02,0.3333333333333333,0.6666666666666666
JIn_WG_o8wkc0R6uY5KVRw,0.0,0.0,NaN
eknhlNLKAHlMUBT05rnfBw,0.0,0.0,1.0
rXkDEUaVzYrg_kZqn0H_rQ,0.04,0.2,0.8
aRub-nsvr8bxFfpxsybcrQ,0.0,0.0,NaN
W5cwxNwGiZJd393PCDQEvA,0.02,0.2,0.8
biwNJEk-AHVSyRkrQK8c9w,0.0,0.0,NaN
-eBkx1Hl2A40GZAaZvXR1Q,0.0,0.0,NaN
yJH888Py0bBYY1K9Kuq5Eg,0.0,0.0,1.0
fnaTT62QH1PeDnnOLdODgw,0.01,0.07692307692307693,0.9230769230769231
ulmtc7zBt0aGPObNjjG0Jg,0.0,0.0,1.0
sRi2bYXjK4MsE_wE8PnSAg,0.0,0.0,1.0
tM84r9rP7XTjX4SnRzviMA,0.0,0.0,NaN
_fGju43E8HBbNbvRwT0JfQ,0.03,0.1875,0.8125
-ow5Msh2NOy6cpYBQSFKOA,0.01,0.14285714285714285,0.8571428571428571
MhbjMiuR74hpqgrjdlZmoQ,0.0,0.0,NaN
u0JoB0Vm1ZhwF8nysxPnfg,0.0,0.0,1.0
w10NhKC5FShn8iZzm6QfmA,0.0,0.0,1.0
EfGC2QTeePSn3-NhObhRcg,0.0,0.0,NaN
OPN-dDUBkH7uH-G8nOnskg,0.0,0.0,1.0
1BcNXW9_Y16TIofPVpFqIA,0.01,1.0,0.0
HNqXNnPIs_YUwaWPhneJMg,0.0,0.0,1.0
dZbFtvD311Vfa8CqsH0jzg,0.0,0.0,NaN
N1OHFWHQ9YI3u4UHMW12iQ,0.0,0.0,NaN
an-ijVpGQxgiOBX9qTBOyQ,0.0,0.0,NaN
FX7BjzTJAuCAul1eXyRWqw,0.01,0.1,0.9
a5LzjPrEL-Sj5BfHr8xxRQ,0.0,0.0,1.0
lC97Y25jUV0DVCCAtR5rkQ,0.01,1.0,0.0
xD0JannNy9S_qABQXeMMVg,0.0,0.0,NaN
ExI15M-oXjHcF42-G1xv9w,0.0,0.0,NaN
sAfZFkKIMe6ZTifV8eEbAg,0.06,0.6666666666666666,0.3333333333333333
94HchNwPr69BdrF0On9uKQ,0.01,0.16666666666666666,0.8333333333333334
gC-q7wKAm1Lies3UrZOfhA,0.01,0.058823529411764705,0.9411764705882353
yMI4vNI5CWoJWmqjxJRD1A,0.0,0.0,NaN
PVAUoz3zppaeT-NFhXSi4w,0.01,0.125,0.875
57Hg2ad5RO6OjIzwT6lPQw,0.0,0.0,1.0
yLt281iJiskFXU_WfGlKGg,0.0,0.0,NaN
nTXRvzntmRapSbEcuzKDLA,0.01,0.3333333333333333,0.6666666666666666
st5rpCdvHaBJ6XW7axsRfA,0.0,0.0,1.0
QiyvjCMCGhqscz26JcfEkw,0.0,0.0,NaN
I1vJAnZ3-hUcD9gE8m00_g,0.01,0.3333333333333333,0.6666666666666666
zwhty_ZmxbHAHoDfMjNbag,0.0,0.0,1.0
_R01htXQGDqEmPdHtBOTVQ,0.0,0.0,NaN
4m66tpqKs8JmoA26vB5xpQ,0.0,0.0,NaN
gVmUR8rqUFdbSeZbsg6z_w,0.01,1.0,0.0
FFv0W5YQrROPyjZiRfyrHw,0.01,0.07692307692307693,0.9230769230769231
G5vpnTThIa7Vbjbu7zWQZA,0.02,0.09523809523809523,0.9047619047619048
v1J-SyDCnvKeCV6r4d6LfQ,0.0,0.0,1.0
wku4DoyLzZBnPV-ZOKwojg,0.0,0.0,NaN
YfvMjY-G6y86Ov2tS5Txww,0.03,0.17647058823529413,0.8235294117647058
WFN-sUvDzJz9Ip5lxEBJSA,0.0,0.0,NaN
Px-MM19TiouT8uAO3MjoQg,0.0,0.0,NaN
RROLYsQezNa4ddSapS8uEQ,0.0,0.0,1.0
ISon7pJ4zS1RMk7e9qwJZQ,0.06,0.42857142857142855,0.5714285714285714
ZrXRSkZPASfFhmF98eQtrg,0.0,0.0,NaN
uqJ0kCrmZOEZzbt4qV3ODA,0.0,0.0,NaN
HPuTCCL4W3u5sxrbBFu9YA,0.0,0.0,NaN
glCPfEqLkikL3vFmBcQfTg,0.0,0.0,1.0
7EQpjlBtE3gTLn0sCmg3-w,0.04,0.4,0.6
0UU3JV2Od0sc5CyWWfcU5g,0.03,0.21428571428571427,0.7857142857142857
U_Ne8BOcLn1iWBgInHVzEQ,0.0,0.0,NaN
0mvmUHuGQL2kRRkX14CkTw,0.0,0.0,1.0
zlFj4sJmPwzS1WdEB0FnFQ,0.06,0.25,0.75
eKqnE-38y3aVzgECIzQksg,0.02,0.5,0.5
haAd9CALJ0hOuIXIDcCloQ,0.01,0.16666666666666666,0.8333333333333334
SkeqMYpoLPJZ2_gqkpKN7Q,0.01,0.2,0.8
llrFg3YBq7mEuBGnGVOGpQ,0.0,0.0,NaN
SrF972IxsELYQ3eaWB5X4A,0.0,0.0,NaN
bMGV0Vug7sv5jUOn_DjU4Q,0.02,0.2222222222222222,0.7777777777777778
VQhvTClcf_Wcxm0Ei4GpqA,0.01,0.125,0.875
fT-2znDqidFvpeuzblEXVg,0.0,0.0,1.0
EBDWVh0sE3HgiqgMuXBsuQ,0.02,0.2857142857142857,0.7142857142857143
lROh5HIO2jd2VhDOp8yO6w,0.0,0.0,NaN
USG1wkzku03asNV8TQZetw,0.02,0.25,0.75
4rpWrd3vO-KlKpXUaNii_w,0.0,0.0,1.0
BmipmKVTx37gpfPzK7eU4A,0.0,0.0,NaN
XT2PFiGrgNwB5ZmgbJlelw,0.0,0.0,NaN
A2JGzkvNjckSmps_4FbKWw,0.02,0.25,0.75
ZXSNzKI638WQ3x5iKgM-ug,0.03,0.15789473684210525,0.8421052631578947
bhJ6ivAuSpgXP4JiKWjSZQ,0.02,0.09523809523809523,0.9047619047619048
mIysRk_cJ5K_BMZ-r06TFw,0.0,0.0,NaN
R1o7fAUOM_CWKBcQY8bbkQ,0.01,0.5,0.5
k4wdyggPb3eCcPxK9DVcdg,0.0,0.0,NaN
6z1vdpcrk0HVGhkr4yPYNw,0.0,0.0,1.0
BxV2pTVmYCW15gSZAPMFKQ,0.0,0.0,NaN
oGQnKOBNrwERM-MLLfpyGA,0.0,0.0,1.0
dG26G-NM15zU_mdUkgLsJA,0.0,0.0,1.0
0qWgfjxEUdcJqOnkb3KmJg,0.0,0.0,NaN
TcftfHJS6IECjmLudxxgnw,0.02,0.16666666666666666,0.8333333333333334
dz7izpJ1dOlaOKbsqF6j2w,0.0,0.0,NaN
2nk5FF5OuGO6sLpZMREY5A,0.02,0.125,0.875
ZbeknMQQmKosOCRhu9utHg,0.0,0.0,NaN
IC6j_3C7-LuOjEcHN-OHVQ,0.02,0.25,0.75
imYDUE0xF4-GsNdKwKlB0A,0.0,0.0,NaN
K4G6ejcB-Tha2V2W1QUJ-Q,0.0,0.0,1.0
5uiCy0vSIknuDEHc7yHRkw,0.0,0.0,NaN
PufQ0bMCOGdgyAnfnCdMxg,0.0,0.0,NaN
kRYC4aTTMgZJgEhlRiyXYw,0.0,0.0,1.0
HZ51EXmBRhOxa05FO79Tgg,0.0,0.0,1.0
bdXsGvf3k-GFGETQSa68ng,0.0,0.0,NaN
R8XGiSYNv4aTzy1fHUyRyg,0.0,0.0,NaN
L9Q0vuwSCNN49XrgTe28qw,0.0,0.0,NaN
uZV0neUr5NefvU4o3NZBPw,0.0,0.0,NaN
ZzxfIQRL7AssuXzepfjsVA,0.06,0.2608695652173913,0.7391304347826086
bK2s6N5-bkfksDK4va2Aag,0.0,0.0,1.0
1Abim1rEz1A5qhhde51cDQ,0.0,0.0,1.0
A7RuDsDo-Gee66gyh4sEUg,0.0,0.0,1.0
Wu8SwJ59jjRjlctbdoczVg,0.0,0.0,NaN
hTXv-18R-ih8zJYz7wyu_g,0.0,0.0,NaN
_0bpfpVYYbnqN_NBJNXudQ,0.01,0.5,0.5
YORJi2JtQg5Mo4nmKOXzag,0.0,0.0,NaN
V7B4KTBitlBs9YH_B00-9Q,0.02,0.25,0.75
juLlBJ6SQMyMLxPLczZxNA,0.0,0.0,NaN
xGG75UW-MY-HOwXzuEkOnw,0.0,0.0,NaN
Rw4Q9-0JKZkBr5KUekWfkA,0.0,0.0,NaN
dwsftto-NyQATKmJIhz8pg,0.0,0.0,NaN
Ko42ibT0BW_3jsQmoZMRSg,0.03,0.16666666666666666,0.8333333333333334
8959F5stCzJWI_I7dgxurg,0.0,0.0,NaN
PL3DlMTkqrC_TwDsUhNzwg,0.01,0.14285714285714285,0.8571428571428571
2-XLTj0Cfd81_XlmHo02Aw,0.04,0.21052631578947367,0.7894736842105263
JJzNjlYtnmlzOVsl5adowA,0.0,0.0,NaN
QwzC00t-pJWBje3Lk7BvaA,0.01,0.2,0.8
A0j21z2Q1HGic7jW6e9h7A,0.03,0.3,0.7
Oay68SoCl5BcM4XAbt47zw,0.0,0.0,NaN
yuAh44PQDYCawKimm_t3BQ,0.0,0.0,1.0
fRclDad6qMwgW_l3jtRqig,0.0,0.0,1.0
jrqE4Jx-boDAxj4X7CLStQ,0.0,0.0,1.0
XVAZ5QiFWD0qVqSr1E1UWw,0.0,0.0,1.0
ICw4trkmmulxI-SwmY0yiQ,0.0,0.0,1.0
ib_ZTEwlCyz7xUCNXfmv_g,0.06,0.25,0.75
vG6v8M5j8Um60MgDBeYzDQ,0.0,0.0,1.0
jyz8-hAPGRjurBVp9DST9A,0.01,1.0,0.0
KxGeqg5ccByhaZfQRI4Nnw,0.02,0.125,0.875
m35ODBrr76JYr20nxoMg_w,0.01,0.3333333333333333,0.6666666666666666
NgLbuuf543O5fyRMdgbTmA,0.01,0.16666666666666666,0.8333333333333334
J7vyVjbpw9FH-CrC0NH45Q,0.0,0.0,NaN
l2BRqPLJAthlZXW6Te0CUg,0.0,0.0,NaN
0bzu2z06rqOCvwYxtGOe0A,0.02,0.18181818181818182,0.8181818181818182
D9patliQtlm646P_fyiCaw,0.0,0.0,NaN
rYgqy7usKjKYEHLKGi28ew,0.01,0.07142857142857142,0.9285714285714286
ByYHOTBYGKWK06lJoHzy_w,0.0,0.0,1.0
FmikGD1_zt04EcFFZr-ctQ,0.01,0.5,0.5
NxOQjMqwYXpwWqJTkZ8uGQ,0.0,0.0,NaN
c6Ia--JUuWEK4nhu5NuPrA,0.02,0.14285714285714285,0.8571428571428571
XwcNgKLd_p1ug5wiK5H9LA,0.02,0.08,0.92
XKkKEn_mo19vrM0vVIXiEQ,0.01,0.16666666666666666,0.8333333333333334
qE9KTZu71vaOjcJ-N9V3nw,0.0,0.0,NaN
-iuUaoQXVoXJZNfEUKsQHw,0.03,0.6,0.4
Y_2jMUKz6pvJ0JSWG3u10A,0.0,0.0,1.0
p82Oi8n25KffU7SV5yyYzQ,0.02,0.125,0.875
V74paj6Zok4DvGnciFEZMg,0.04,0.13793103448275862,0.8620689655172413
WGrtNo3jJx8Rlk9HcgOIWA,0.0,0.0,1.0
gru76BjkRY6UQVcw_yAxiQ,0.0,0.0,NaN
WY68HsTtbRPqdZpKEQTobg,0.0,0.0,NaN
G10ZWrbL6xT-2CK1UxczbQ,0.01,0.14285714285714285,0.8571428571428571
gIWzYF7HQ8FPhPZ8e1xhuA,0.0,0.0,1.0
QJI9OSEn6ujRCtrX06vs1w,0.0,0.0,NaN
0xiRPjXDZks1pBVwhfJt2g,0.03,0.1875,0.8125
noG6Ly8wqvfrD8zb5vQ36g,0.03,0.12,0.88
Rove-_SK-PAezQPQS7cnaQ,0.0,0.0,NaN
91TB-gzcNyxFh46TL0pmnQ,0.0,0.0,1.0
0HPD1oZnIwRnPhzqio2j3Q,0.03,0.21428571428571427,0.7857142857142857
g1P3KlkiA3MUwt4Pvm0SXA,0.0,0.0,1.0
vAnd-dJ9fbrFu-lIaht6CA,0.02,1.0,0.0
siVtjO8xrSxbrK-zqXCGew,0.03,0.5,0.5
pQdIIsbV5dGOVz_kWfMRTw,0.0,0.0,NaN
8WE7H_NvgM7V6IA7Ro3Prg,0.01,0.3333333333333333,0.6666666666666666
3Gx7T1tC5YemGKIGizLBoQ,0.0,0.0,NaN
y4p5uo_4_Xzlsr4N9FauvQ,0.01,0.5,0.5
DGR6BUVAm8jW7zxdmEQ7DQ,0.06,0.2608695652173913,0.7391304347826086
Jhl62zVf7JxUDdpS-WjqjA,0.02,0.13333333333333333,0.8666666666666667
rMo5Nit2kWPWtOjByEQc0A,0.01,0.3333333333333333,0.6666666666666666
ia3kezgvnboBaiv13WUuhA,0.0,0.0,NaN
iqpSkSV9MwscDuwBNMfTGQ,0.02,0.25,0.75
aCiaqNVF96Lvw5bDEGbCHg,0.0,0.0,NaN
LUTiF1sD99N6yAmdZywA1w,0.0,0.0,NaN
UJJYM5ZFG0imgJU9wQUuEw,0.0,0.0,1.0
WfZFj0OH9tuOdxEfSaM1vA,0.06,0.21428571428571427,0.7857142857142857
HhVNG_1NOEyxfxudd6TSCg,0.0,0.0,NaN
TOxBGs3yzAsh5BMp1W8tiw,0.0,0.0,1.0
3cKi8BNKJT1OsWYMY4EivQ,0.0,0.0,NaN
GiQ2F7ociTqGTrcL6kLpAw,0.0,0.0,NaN
cqDBxzGz-fcN9A7IA-7Wdg,0.0,0.0,1.0
ens0W1AzB5ogdKSaTVd38g,0.0,0.0,NaN
keQE5jr6dgAiJGzrpYdnYw,0.03,0.16666666666666666,0.8333333333333334
Hqz_L-q1Ax34ihdSMIyB4A,0.0,0.0,NaN
U2mvQs4GS3FMgMwUqCHhDA,0.0,0.0,NaN
iZ3nHZJG_m4yZf0QR7uL5g,0.01,0.5,0.5
U0PtdIN508sn8RVJ4Mcs6w,0.0,0.0,NaN
lkL08PpUBHuKGxgyigmNZg,0.03,0.12,0.88
pTUh580nYtGi5Go0U0iI7w,0.0,0.0,1.0
-tBJZffckiQC6zhPlwVpVQ,0.0,0.0,NaN
TnRcGRybKUR5phkN7Es3jQ,0.0,0.0,NaN
CEoMgtYwcskmU6VOeDAwVw,0.0,0.0,NaN
u4JhbOgkqMa8on8UktsMNA,0.05,0.2777777777777778,0.7222222222222222
MAmijW4ooUzujkufYYLMeQ,0.03,0.5,0.5
WpB1sCVDNwQGa0v6u_aZpw,0.04,0.3333333333333333,0.6666666666666666
DGI7LT4-fmllzJZl-OhklA,0.0,0.0,1.0
qDCMUmZktIft-UQwuuP6yQ,0.0,0.0,1.0
1iO70fabuVpCYcOXVq1Ejg,0.03,0.16666666666666666,0.8333333333333334
HjF-0IriUUy4voW41vYMYg,0.0,0.0,1.0
-znBbADZqQ_30bWe6o6rKg,0.02,0.3333333333333333,0.6666666666666666
A0DoQYVztRnqJBmUXMWq9w,0.0,0.0,NaN
wJgtf18VKKZq9A6ZQUybQw,0.0,0.0,NaN
_x7j_RerBqaXgNkVuT4CHw,0.0,0.0,1.0
rZwAyWdColv0XQu1VAMpPQ,0.01,0.1111111111111111,0.8888888888888888
8DX3pBJt96HqRxV8ACLdYA,0.01,0.2,0.8
LRh7vAnTwvlO0yHP12rxRg,0.02,0.5,0.5
XMy-OTpVY8O1L-8w1zOKcw,0.0,0.0,1.0
PAeEkjrXTub0ENa4rZiWvA,0.0,0.0,NaN
cty-VP-wvpUbsa-nPGc1CA,0.0,0.0,1.0
wqcO86hX2t2X9MsDIsIwnQ,0.0,0.0,NaN
Jk30FjOKfjGDI7dWKRHO5A,0.0,0.0,NaN
KMQ-5KpTWIheGxlCOzowWQ,0.07,0.15217391304347827,0.8478260869565217
RTz_E92YRqSdtbNmd-yxoA,0.0,0.0,1.0
rtV9sxOl8dbmsE31rj5DpQ,0.0,0.0,NaN
AKoiOKJrU-ZF4DHvUwsPVQ,0.0,0.0,1.0
HLTmDvYNQpOW_MG6mm5NvQ,0.02,0.15384615384615385,0.8461538461538461
9VLv4NZCIpX2JBTfAV-vSA,0.0,0.0,NaN
8DGFWco9VeBAxjqsuh1aSw,0.0,0.0,NaN
nQBNZFwjKlOXgHcUBW8Q_w,0.01,0.5,0.5
E_epad6UlUKXtm-X0us1Kg,0.0,0.0,1.0
6izI9Z_gB0nTjv342SBw9Q,0.0,0.0,NaN
ikvxr_lwsyBKmp4SH9FboQ,0.02,1.0,0.0
tm-O-2D0mRt2mSwo6odOZw,0.03,0.14285714285714285,0.8571428571428571
RaNkWBMywhBqCZOQWSN_SQ,0.0,0.0,1.0
uFY5tZjQ7jSa6mL2BFpdGw,0.0,0.0,1.0
tkj5cwIPLlJstisrVzpAZw,0.0,0.0,1.0
3ItZMmWMLA-enY2yQY0tAA,0.0,0.0,NaN
3I_OBb_XmA26Ciahq7C8lg,0.0,0.0,1.0
pYHks0OTMOke-A1ZdK5WsQ,0.03,0.3333333333333333,0.6666666666666666
DMHPVjHKaUStUBMPH2TjNA,0.0,0.0,NaN
J1yNYAjojpD_KpocG-W3KQ,0.0,0.0,NaN
a-x7UEB0pREhblYRP1Cj-g,0.01,0.5,0.5
f_cFLh1ecmYjd1yeo-93-w,0.02,0.2222222222222222,0.7777777777777778
3lUEQb9TIxOeAUtvgh7p8w,0.01,0.09090909090909091,0.9090909090909091
_jjbwHWLFA5GjWFWGLj4ZQ,0.01,0.3333333333333333,0.6666666666666666
c0VLfFUo2PRzCdiMfVZi3A,0.0,0.0,NaN
we_ONmXR0wP5-Ejx9AbIAA,0.0,0.0,1.0
4d13xAX2jp2EbGF8I9eZZw,0.08,0.23529411764705882,0.7647058823529411
JEDRhFdrscbsWierJA0-jQ,0.0,0.0,1.0
7ZvbRuDAkIIvi_KSt2GoQg,0.0,0.0,NaN
WJKocp9RE0KatUwh3_DkGg,0.0,0.0,NaN
sZCDmgrGyvHTrAha08KqDA,0.0,0.0,1.0
4Bn-2V-Mp3I3nLGkdI3J-Q,0.0,0.0,NaN
2LLO9HbhgUULhctJpFSqJg,0.0,0.0,1.0
JmhVFueYvJe0CsUddwuajw,0.0,0.0,NaN
ZjaNE5PtYk8j2K1kOpr2Ig,0.01,0.09090909090909091,0.9090909090909091
mzHRaYLoV-lwX79HghP6lw,0.01,0.25,0.75
s95vx3xjemGYd5qdZgRX4w,0.01,0.07142857142857142,0.9285714285714286
0juzbrgcLHqobdK-OZAyiw,0.01,1.0,0.0
1M7OF3y5XJ_VxcIurJdIUQ,0.0,0.0,NaN
DquHHYio5bIqZ5vQlC95_w,0.01,0.09090909090909091,0.9090909090909091
IpM81U2LL96T9lT4hpx31A,0.01,0.5,0.5
U8LUyd8gYns7IIRmXIzPbA,0.0,0.0,NaN
CYermXzVz9xmpwDM26vS2A,0.0,0.0,NaN
PcvbBOCOcs6_suRDH7TSTg,0.07,0.3181818181818182,0.6818181818181818
wwdamcY73iJTyhl-3gGOJw,0.0,0.0,1.0
BMd9p4g8BSJDhrDi3SZE1w,0.0,0.0,1.0
i9qCsgl81_CMsnMuc67hqg,0.03,0.05084745762711865,0.9491525423728814
bfwTv9DohP2owQ8V5ZxfhQ,0.0,0.0,1.0
iEjUvGtuapZmG7rj1PvpeQ,0.02,0.2,0.8
Q6iiwjxWCfesMNz2sJYHZw,0.03,0.1875,0.8125
Y-aeqCKNf7RQvVBZw6oCkQ,0.0,0.0,NaN
76xCM0ZGFUE0dmQxm_O-mg,0.03,0.375,0.625
rTP_xCgLW691is5U9Pw3OA,0.0,0.0,NaN
N-Sy8I9byR2Q2gTI99nKxQ,0.0,0.0,1.0
9UWmnhMdGqEM_LfO5QEUGw,0.05,0.2777777777777778,0.7222222222222222
vwi68eg4bmJHMSYq3jP2OQ,0.02,0.3333333333333333,0.6666666666666666
fJzCzO5iquW1qs9b7f2rgg,0.01,0.3333333333333333,0.6666666666666666
9Sc7vPSSdC4-Kkm1uzB57w,0.07,0.13725490196078433,0.8627450980392157
5NDk-q5mv8PIDvz83HwMVg,0.02,0.18181818181818182,0.8181818181818182
kIV04ZOFnyLcK93XUQh7eQ,0.03,0.5,0.5
kJsMFBdQ_Do67u3lpvaujA,0.0,0.0,1.0
tCbEkK11lnqeaNVkhlurrQ,0.03,0.14285714285714285,0.8571428571428571
6jz_Yr6_AP2WWLbj9gGDpA,0.02,0.09523809523809523,0.9047619047619048
9ovtqLdQU-kv2U7BWpdbcQ,0.01,0.25,0.75
zcDVJ2FLanBw3ZfT_zpL-A,0.0,0.0,1.0
8vFdPfwvSrRriEzuRHLQDg,0.03,0.2727272727272727,0.7272727272727273
JLSHp3IirhSRd1Esf9V0GQ,0.02,0.3333333333333333,0.6666666666666666
UedTLWb7nCVJHiZkuBs2iQ,0.0,0.0,NaN
zEBjQm_S26TI1Etpvie9sw,0.0,0.0,1.0
ySOWHay3yeaadfuXOuagMg,0.0,0.0,1.0
oGbCU5YDQpxNXXCcU55TzA,0.02,0.15384615384615385,0.8461538461538461
7SFUWbb33dOR8lmO51h3dg,0.0,0.0,NaN
h1mn5DaKLOinuif6XrbRtw,0.0,0.0,NaN
xovKY9oB8s-NjKz_I1RpHQ,0.0,0.0,NaN
PsMejLu0T73PnFvKU8AICA,0.0,0.0,NaN
KBSFwLHntHwf0e28a94ckg,0.0,0.0,NaN
k7J0CjxFoxdSayhlDE-k7w,0.03,0.13043478260869565,0.8695652173913043
IG1VyLxK2lf6ciAUMDCSFA,0.03,0.1875,0.8125
LiYTbjMx1reOO_53W93L8w,0.0,0.0,1.0
Rnwsdjuac1Grtp14GVPWxg,0.0,0.0,1.0
be4Y79c85n3Dk_TlssM08Q,0.01,0.5,0.5
K4tFS6tuMGMIoq0rXYB7Xw,0.02,0.2,0.8
w3_2VsXeVZZLn8kSo38BDg,0.0,0.0,1.0
rXDqOtMie36VjQMLQdwHsA,0.04,0.26666666666666666,0.7333333333333333
TZn-Q7UFMo3Cp6zx4MGVDg,0.0,0.0,NaN
8wgT6-ixwqmkX8EJWu8PBQ,0.0,0.0,1.0
2VRkBZBS5FO_N7yBRWfaLA,0.0,0.0,NaN
Ip1Uwju75i4T25px35cMdA,0.0,0.0,1.0
2HoYHTUjWfmY3vHruQlDhw,0.0,0.0,1.0
nR4ycs_4uYAfuJoSKPGHHg,0.02,0.2857142857142857,0.7142857142857143
RBZ_kMjowV0t6_nv2UKaDQ,0.0,0.0,NaN
6xGTlUEbAe0ZgEP7T11r2Q,0.0,0.0,1.0
R5WcogaoAwjdHxrB2v5NsQ,0.01,0.16666666666666666,0.8333333333333334
Co7QP52iTvWZpf_ADYCNyA,0.0,0.0,NaN
cUm4cz5j-DldkU2sp5KJFQ,0.07,0.25,0.75
F0Oco8PiWbkM3INpbIh1Pw,0.01,0.125,0.875
gH3JDpHQfVcMEGaAaCJPjA,0.0,0.0,1.0
sYQyXDjGaJj7wfaqz5u8KQ,0.0,0.0,NaN
VPzbCGojG9z4GGR-cDQsYA,0.0,0.0,NaN
Gfxb_D1k8tueAoGn4cseoA,0.01,0.045454545454545456,0.9545454545454546
lvzVuPBCjPDgJS8AmBpaDg,0.05,0.29411764705882354,0.7058823529411765
maK3UBQczh33NuDjBYeHrA,0.03,0.3,0.7
pKQNzgvP7308OFHvXqzD8Q,0.0,0.0,NaN
uluHjQdwAlwzeJgsKvh-MA,0.0,0.0,NaN
pNOST_hTkcZzr4nsx_oYQQ,0.01,0.3333333333333333,0.6666666666666666
UINeEDzOcOgagPNvP40Daw,0.02,0.125,0.875
TwOf4tXgPPMgCHWgRnDgjA,0.0,0.0,1.0
_k3o_AKj-S9JD0q6AhSXdw,0.0,0.0,1.0
o1hdVCYTWCTHEQZbmVT8Jw,0.03,0.16666666666666666,0.8333333333333334
U8m0BamO3PIF29QoLjGFhw,0.0,0.0,NaN
s76BDmBx_8kcxGFDiU6k_g,0.03,0.058823529411764705,0.9411764705882353
FK3g2tguRq0Bqd9yLJBIeA,0.01,0.2,0.8
uBZ3u1NuNQzkELznJphJsw,0.02,0.15384615384615385,0.8461538461538461
_jYEC7fvqTxu5R2jhk_NDQ,0.08,0.2962962962962963,0.7037037037037037
b3W6QCbEQYMNM19N_12sXQ,0.0,0.0,1.0
4W-ZU-E82HWWUNNk9tfN6g,0.01,1.0,0.0
qWdQo-s7zAOwLS9W0MxTgg,0.0,0.0,NaN
_uOQ0tNajYlEx1eWMRJ_jw,0.02,0.125,0.875
beAvR9wBY67czDtDkjVXsg,0.0,0.0,1.0
RE3U5iVjoZ5jcBZev_Y7tw,0.0,0.0,1.0
BqE21d_vGACZFU2U8dCRSw,0.0,0.0,1.0
BEgwL_ce-Hs7AIHq2ljk3A,0.01,0.25,0.75
3h3qmd0qgTA_-hnlcCodFw,0.0,0.0,1.0
qNs71Qs7fOGQ-Mod-8ZL1A,0.01,0.125,0.875
luoKlcUmIIVPpHxXt4LRMQ,0.0,0.0,NaN
KKZH45QAT6-nJJjvnUFHdA,0.01,1.0,0.0
_yXm8kPkmtFWtr25XH7XNw,0.0,0.0,NaN
-xm3IeMDHrl6OJG6r7GRiw,0.0,0.0,NaN
9PZKQuLC5lUs0rJBbWOvjg,0.04,0.18181818181818182,0.8181818181818182
ayHvt_WaKGO44oe6BbgSsA,0.02,0.125,0.875
YvqFcX5s0cHhqAFrXvNOHw,0.03,0.21428571428571427,0.7857142857142857
foDSVja3cCgCoLDzilpyTw,0.0,0.0,NaN
Td4sUPBkcuKHxH3OH2bP2A,0.0,0.0,1.0
zSwb7qNpSgU3ekHMpiHsOA,0.0,0.0,1.0
K9K7F-mOzEXzTn3nkxhyaw,0.0,0.0,NaN
pL4NhW3rTokFr-CQh3Lzgg,0.0,0.0,NaN
3mjXVXPwVGwAKxoGR4Rxtg,0.0,0.0,NaN
sjWvk3DZapZ-9ULAFtDmYw,0.0,0.0,NaN
98n8K9brl0Dc8TocyuD1bw,0.01,0.5,0.5
d_fc9n5mQFFdoUxrOSeMAQ,0.0,0.0,NaN
2zOXdbLjhFkcXSqpyhYBnQ,0.01,0.5,0.5
ECCC0H3x5WJCRNwsT0CkFw,0.0,0.0,NaN
X5T45QxyLjnuXohkvE3Rfw,0.05,0.25,0.75
US4cngzcLZBPSgHVn9gq0A,0.01,0.16666666666666666,0.8333333333333334
IZKX8BHHjS8YwHIVi9KJ2g,0.01,0.14285714285714285,0.8571428571428571
JFA0FSgyKNYl0nmt9mKoLg,0.0,0.0,1.0
0eKveDmdH0D7lALfFrLe2g,0.01,0.125,0.875
18qEoFOVEernpVLh97PQPQ,0.05,0.2,0.8
LY1iz1qMdTiS7RiGORoRUQ,0.0,0.0,NaN
SR9KgvoaxcBsSd4Gds8LnQ,0.04,0.4,0.6
VeHY3rZiBBhVIORWKbSYIA,0.0,0.0,NaN
XJYFjbH-oTmu2dATTqyauQ,0.0,0.0,1.0
kn1ya_7VhGLx7iyl_sSc9w,0.0,0.0,NaN
HwkJ5Mdkv9klRcWReR3dkg,0.0,0.0,1.0
FaAb-CoKW4xDvLTSPtEbgw,0.0,0.0,NaN
tWJrrj2WUCCU5l6DwvRnOQ,0.0,0.0,1.0
EYkzxQlabF-XBVD_EB0maw,0.0,0.0,NaN
tes3r9YwbjOprFAbJoRc7A,0.03,0.1875,0.8125
M3YpU8fRyTZAQIn08bDT4g,0.08,0.47058823529411764,0.5294117647058824
J6wgQxpoLbGczm2gQy7e4Q,0.0,0.0,1.0
SNQcE_Bc0QAbxFu5F1dTzw,0.01,0.25,0.75
JAs3HUu6w13nOXTp2ofkxA,0.02,0.2857142857142857,0.7142857142857143
xR4engcg6Vm8xToBgKI5FA,0.0,0.0,NaN
DG094chY97v10Wa5KzontQ,0.01,0.14285714285714285,0.8571428571428571
uaKkElyWMAQC5m3KjuM7mw,0.0,0.0,NaN
TPAajv-80DK-uXvWp0AOkA,0.0,0.0,1.0
OEhvAJ8L1HANuypeKho-OQ,0.01,0.058823529411764705,0.9411764705882353
nOlszhxmkJhdk8PVQHLKuw,0.01,0.1111111111111111,0.8888888888888888
lEt3f6I5jdZPAIHVERbMPQ,0.0,0.0,NaN
-d78vV86WnU2uWac1fEntA,0.04,0.08695652173913043,0.9130434782608695
Z1Ce1N6F7vw9pKnsv8MtRA,0.04,0.36363636363636365,0.6363636363636364
7yi6Mrk1sCU2REZegMf9zw,0.0,0.0,NaN
UukeKKGRl1ujuccH0mXc6w,0.0,0.0,1.0
__coGeYC9iki1e9MVyOvew,0.0,0.0,1.0
dyhTHLIf6eWBvU78Y3T06A,0.0,0.0,NaN
_9WKSGfBn193Wl3vd7kt1A,0.0,0.0,1.0
EabxeG8lOVaWHrRJYHDrIA,0.0,0.0,NaN
3uPAF2-YwiTUN5NvVH6pIQ,0.04,0.36363636363636365,0.6363636363636364
S5dGv1vID1hoBZm2A9fK5g,0.0,0.0,NaN
513UyDhbxXJsiNQ26jfBOQ,0.02,0.1,0.9
gctpnYIeTYyR4rxVGHeXkQ,0.0,0.0,1.0
w-8dwH60e8aoPVlrElEsZQ,0.0,0.0,NaN
ibO3x7W0znfQ-Jmq5IP0Bw,0.0,0.0,NaN
wqd3mWZBAO6rQT-BISy3Vw,0.0,0.0,NaN
5xCkPXiBjb6lWtUZ0Bwc0w,0.0,0.0,NaN
1BjI1-O1gxSt8TRO0yD8Gg,0.0,0.0,NaN
PdCR2ElSc0cVym5dCN3Zsw,0.0,0.0,1.0
a3TYCglZRpfeA9kXTGtqgw,0.0,0.0,1.0
KGsXnYHvYddGaL_jyl0DMQ,0.0,0.0,NaN
m1X96vPIYRja96l0O0G-3Q,0.02,1.0,0.0
lJaMhVl641JJhTZhR3s_EQ,0.0,0.0,NaN
SCYd8BnpdTCoGIFUIw_SWA,0.03,0.42857142857142855,0.5714285714285714
U7NLhaVfOJrHb9XLsZbJnQ,0.0,0.0,NaN
TYCkjEHPSJSnFb6m6GDluw,0.0,0.0,NaN
jfYO9Y76N5BmfiCg-cTUXw,0.02,0.14285714285714285,0.8571428571428571
je5k8a3qIOM0VJE5MaxsfQ,0.0,0.0,NaN
QfVwn4H_FzWve_eH46iesg,0.02,0.4,0.6
IrrhCbPfqaqULmseqmU1Iw,0.01,0.2,0.8
byS5I9HMlMqjiTrjqnCscg,0.01,0.25,0.75
uch01q0I89VjLtfHXR5r-A,0.0,0.0,1.0
0i0kq07veTtdbRaOABEGiA,0.02,0.14285714285714285,0.8571428571428571
NFgvM7LMx5Ocsxr7J2_sVA,0.0,0.0,NaN
Hyli6YWc-0PxRAerObzZIQ,0.02,0.4,0.6
HPuywU9mgUcRwf7W-yYz-w,0.06,0.23076923076923078,0.7692307692307693
NKzLGod9KhAItpe73lI6OQ,0.0,0.0,NaN
Qr_rXsbGjxT-qlxVrO0-jA,0.02,0.25,0.75
Pm1bHgmnkOJOFkHPAr7PjQ,0.0,0.0,NaN
GSvZ1ZJmVqQA9O2NVfO1TQ,0.03,0.375,0.625
QFrp4w7wcQuXRzod0IB-qg,0.0,0.0,NaN
aTZrRPRWYDASTaKa_es9ew,0.0,0.0,1.0
R0cisAa6G6C3S8300CG5Cw,0.01,0.16666666666666666,0.8333333333333334
tUZtqzqE0bIOcLelcR4opg,0.0,0.0,NaN
PXe-x5SAMzAEn8EOBCVgeA,0.0,0.0,1.0
dPyoiUYkHngAkns1gzzhFA,0.07,0.19444444444444445,0.8055555555555556
sJX-ZcPQbXF8NgPzI-cutQ,0.01,0.14285714285714285,0.8571428571428571
ePfhvRM-deQgMduESHRWDg,0.0,0.0,NaN
BqFDXIFtaDuL08gKJHqGWg,0.0,0.0,NaN
rPJZ0Bh1Dj-Rw6Yu3iQwVQ,0.0,0.0,1.0
dvgzLpLii0MOlR-X59MlGg,0.0,0.0,NaN
IqIpCfg0qDhIkaUJGKzlyw,0.0,0.0,NaN
7WgEslpFcToO1tg5di5tHQ,0.0,0.0,1.0
3R_dB9VQ_D3WPJEw7pmorA,0.02,0.15384615384615385,0.8461538461538461
Fx471oyzcBl2Hu6IIIhJog,0.0,0.0,1.0
LP883AysBJqOAIzQnIvqnA,0.02,0.1,0.9
fQH_rE23qWixF0uvTl3Vcw,0.04,0.25,0.75
Cu2SMcEYiSkmi9sZE5Zb_A,0.0,0.0,1.0
NwxF1Ftc-4P5Pl_SSXThQA,0.03,0.25,0.75
D6x524bTNd8y0cxZlQ2GeQ,0.0,0.0,1.0
E6mMNnlg8btB-Lz7b5BovQ,0.0,0.0,NaN
wlc3ueOUwo5e3NFqeVWeDw,0.02,0.18181818181818182,0.8181818181818182
1uVmN3vSvxCrxijXFwtIrA,0.01,0.25,0.75
Zw17POvq4lFh7hRPvQ016w,0.0,0.0,1.0
kT8PCNJ3RnBXHJEZCaM5_w,0.0,0.0,NaN
EJ7ZhRHsMWj8du77LX34gw,0.0,0.0,1.0
TFZa8dznrrZYHzFSuy2x_A,0.01,0.14285714285714285,0.8571428571428571
RpkOypoYyls44Dfi3ENzvw,0.0,0.0,NaN
qZB8BZ2ZzMF0VfIGhttu7w,0.0,0.0,NaN
cD76r8Rfg7xcUqso9HEjSA,0.0,0.0,NaN
O8Y1xzL-qoHySb7zfadZ8w,0.0,0.0,NaN
YmK6PYrnHikusFZh7z0Kuw,0.03,0.14285714285714285,0.8571428571428571
3FoZifwueCU8O89nETEH4g,0.0,0.0,NaN
qCzx039NVrJkWnZEqQ1JKA,0.0,0.0,1.0
pgUQjUl_2G5L9EreDzIjSw,0.04,0.17391304347826086,0.8260869565217391
B7AjB8W2BWJtXPjweJs9pw,0.0,0.0,NaN
weEGoP3p9c6MktH54FFusQ,0.0,0.0,1.0
1sGYXSkJHPhJ6wQtc-RbZw,0.06,0.2222222222222222,0.7777777777777778
7SZAVtiobewY6B6QcqNYyw,0.03,0.3333333333333333,0.6666666666666666
YX98pz7G4n0wqMmyfmxYuQ,0.0,0.0,NaN
Apwv9r-1TXGoJmUo6Ye2Qg,0.0,0.0,NaN
iCQKx9z2lHlDlZe0hOSqFA,0.03,0.125,0.875
E9ebT1nhvsbQ5MXN7FqhhA,0.0,0.0,NaN
5FAD2Yq7DLBQ_-ef1iDA-A,0.02,0.1111111111111111,0.8888888888888888
v8QnvfWXCf4651Bxg2vvIw,0.0,0.0,1.0
-5IhsZXkCka8u8LVksXKLw,0.02,1.0,0.0
sOZfGLRjhcEjAKBLZKcJGg,0.0,0.0,NaN
_AJwWscnIRVtdxXuYXAHWQ,0.0,0.0,NaN
46aM0kni0GXjS0zx0-zTfA,0.08,0.15384615384615385,0.8461538461538461
vBSzgSvcawxtaDuIdi9hCA,0.0,0.0,NaN
SBnmBbp_2em6cdA7z0-duQ,0.02,0.5,0.5
dZv5rN0OBhtSrKorY7NIUg,0.02,0.2222222222222222,0.7777777777777778
QDf5uQRgy-kZScN4EVUKZA,0.0,0.0,NaN
w34SWUnjFpmpQMYOLrs51A,0.0,0.0,1.0
PEwOXAd4Wj4WbEoKHpthDQ,0.0,0.0,1.0
oAY9bi0LcT-hM46cWE_vHg,0.0,0.0,NaN
zTCwJg0hPY_cb3vWY0XMbg,0.01,0.3333333333333333,0.6666666666666666
8Qa3iAGgtj_sFkcMcm8CZw,0.0,0.0,NaN
mojLel7f197FGJ3xuOBtzg,0.0,0.0,NaN
j4-bLOJY9fK11pFzQdxxww,0.03,0.42857142857142855,0.5714285714285714
7ZCzdxn--juDKPnulToDtQ,0.01,0.125,0.875
LBaYEbcyPdqmDDdQz4osXA,0.02,0.2857142857142857,0.7142857142857143
9VSF4TdGoqX69qWTMuKwaA,0.0,0.0,NaN
WKpADdu_0YjbD7Kmd2aEQA,0.0,0.0,NaN
_ljpq8dIA8Jajy8XilXKbg,0.0,0.0,1.0
e9V-hsaLlQIFvo5GnJIkbg,0.0,0.0,1.0
EvOn3tsqrOapQKUPyhr2IQ,0.0,0.0,NaN
MQwSyZ2MZ6N7rtAmphZCow,0.04,0.11428571428571428,0.8857142857142857
PaUcJDgJX3pEbCIFX0R5fw,0.0,0.0,1.0
n5wQ7qm2QZY9iB8c25pzxA,0.0,0.0,NaN
SvrmniAMjLIKM_2MD0Ba3w,0.0,0.0,NaN
b9xOA9iedNV9Njvqx5Orkw,0.0,0.0,1.0
QKvIXRzpdnACf4WomKIkww,0.0,0.0,NaN
6wQ-jgk9nPlt-_5iSHWKew,0.0,0.0,1.0
MCTmcFSTp4Xewa5UM-mbMA,0.0,0.0,NaN
XquPzSmk1ew379R9QguZoQ,0.01,0.5,0.5
43BzJWwV06Y_YnMRRMt_Kw,0.0,0.0,1.0
ZyNaPQFOsaKOOLHTFVAdZw,0.01,1.0,0.0
Zwjb6xl2zzdw1AOwfh46-A,0.01,1.0,0.0
Tr7YMpWd1XZdXdm35CatqA,0.01,0.3333333333333333,0.6666666666666666
toPx4EV7yhnMwWGoFVCDvw,0.04,0.2222222222222222,0.7777777777777778
9uE0smG2bwgkI95RPj0lPQ,0.01,0.3333333333333333,0.6666666666666666
FH9LruCl0I_eVUdIX_o_Aw,0.0,0.0,1.0
N_IFBJrVN5CVRNi4UmKf1g,0.0,0.0,1.0
kG9Woydti8wJNe5QQ4davw,0.0,0.0,1.0
NMmu4oC-YRqdi0WY9pV78g,0.0,0.0,NaN
TJ6Nj6FoLgO8MhF4twFxjw,0.0,0.0,1.0
DfvT4F5Eqx9Xr3Ei3GYWPg,0.0,0.0,NaN
xnwBDyFmuonCo7fTZw8-fA,0.02,0.18181818181818182,0.8181818181818182
jOERvhmK6_lo_XGUBPws_w,0.0,0.0,NaN
vgKsPicPEr9adOg_ck9yGg,0.0,0.0,NaN
cKpBRurDHfW3z-YwZbKWlw,0.0,0.0,1.0
2D2bPTst5z5BdaHTdYTA-Q,0.01,1.0,0.0
v7FPnMzdbl6J7U_8H1BWZA,0.08,0.13333333333333333,0.8666666666666667
63iMAf0pB9au28uOteas3Q,0.0,0.0,NaN
EOxdQuedwe_2MkdLnX7MAA,0.0,0.0,1.0
OFksM3859Kji6eEZgDSppw,0.01,0.25,0.75
vailGHtkJcb6O0lETZ8LhQ,0.0,0.0,1.0
-YG1tE3xBx5ePEId38MZqQ,0.04,0.2,0.8
PdgpUK6fHArEXsPcKFHXOg,0.0,0.0,1.0
6neB0yDfgm4fzvu31_1mRQ,0.01,0.058823529411764705,0.9411764705882353
qOn1VFThKD5y5zrFEQXpGA,0.03,0.15789473684210525,0.8421052631578947
YIMeEHUYm69m-Mqf-NjPHw,0.0,0.0,1.0
tJfV-r8EuxsTSOReSdCvEw,0.02,0.2857142857142857,0.7142857142857143
TqPiJAXEJGUjsLRIMIt-8g,0.01,0.3333333333333333,0.6666666666666666
YVA_AWHOOq452FCPgRrUnw,0.0,0.0,1.0
TBLdjYJMIDaM6dB23AenLw,0.0,0.0,NaN
axGqLJ9UWb7P4sBXafOeeA,0.0,0.0,NaN
1vuWvfjdGF106in2K1z-VA,0.0,0.0,NaN
ucj0RT3ZsWHFXQssLq-wmQ,0.0,0.0,NaN
tnTknVchC57yhJCNAfHjRw,0.01,0.0625,0.9375
LQUr_l2wzHAuy_oWtBFESQ,0.0,0.0,1.0
YJYFsF4z-C2qODH5HnGXiw,0.0,0.0,1.0
jhhHm3Vk9ZlP21WdY_5R0w,0.0,0.0,1.0
t7b1lU39lHosuU9_U4jeuQ,0.03,0.1111111111111111,0.8888888888888888
BFTxzvXftqqBFgfry1kBgw,0.01,0.14285714285714285,0.8571428571428571
sCafWhoAkjZXNtgdRYb74Q,0.0,0.0,1.0
MmouFCxOnr7rQscf6yjqTg,0.0,0.0,NaN
yqmM7T2VFZI-WnxGKvtWWA,0.02,0.2222222222222222,0.7777777777777778
sOudRDE_R3VYni0rEYFkSA,0.02,0.2857142857142857,0.7142857142857143
6j0ZYV56UrMgmZaFp7rGTg,0.02,0.5,0.5
dOnOo4HomWUO33QgdOk2GA,0.0,0.0,1.0
mVrNLm-_IeJ3MABgqjEvvQ,0.0,0.0,1.0
XTXVPAkymeR9dkBiuQjKig,0.06,0.1935483870967742,0.8064516129032258
RB3_GtWgvQYTLu3bxY2-VA,0.0,0.0,NaN
CWWjR_FeCVTln402tqRIxQ,0.01,0.125,0.875
aA5DgDHTYyH9HJ2Ahg6IKw,0.0,0.0,NaN
0xUJ54dIGd7xlZy_-2jMvA,0.03,0.6,0.4
K0sapHOlhlGNjx3GBeSf5A,0.0,0.0,NaN
v-ycLH_ziGCe8n6czSSl4g,0.02,0.25,0.75
Awjh-o56eCiYd5Fxk2D-aQ,0.01,0.1,0.9
qCAp_3XHWYqkeX_iQny0iA,0.02,0.25,0.75
OIgSMLPKe1PDtP5I-1FrWA,0.04,0.36363636363636365,0.6363636363636364
mVujWzkq56Rf88w-9HuPIQ,0.0,0.0,NaN
N4QYc-GnE0RWbXqKna_tug,0.0,0.0,NaN
m2xXzkkKFxzx_yG29y3q8A,0.0,0.0,NaN
bm-vxJ3YgmILg4HJCHrsNg,0.0,0.0,1.0
Bv13-l4HTz-pt5kS22y9LQ,0.01,1.0,0.0
paI1g754aHdEMEbhLy3Yyw,0.01,0.125,0.875
K-w94EzfWkpl8YhpTeqW0w,0.03,0.14285714285714285,0.8571428571428571
xHhJ7w9DQ7TY_0fU0HgKng,0.0,0.0,1.0
xABlzueuASJi8XeZ4ezkOg,0.01,0.3333333333333333,0.6666666666666666
pW08HeUH6SJGBewy15PD2A,0.02,0.058823529411764705,0.9411764705882353
sB9W6Tbr1A-ERfUXwJxirQ,0.0,0.0,NaN
_9vJCeT1JuvoNgga7WzQMw,0.0,0.0,1.0
LG-FOXQL0zUcRQuqkhq-Zg,0.08,0.2,0.8
121ruQUFk6Bl2V1wBwa31A,0.02,0.06060606060606061,0.9393939393939394
nGoKau64-PtetuzfcRW3jA,0.0,0.0,1.0
RAVJ9h2pbejfvuzPknleMg,0.0,0.0,1.0
XEHZoTDWjw3w-gcQyYIe4g,0.0,0.0,1.0
UeJ98sMQWrl5cJJqSeOsNA,0.04,0.16666666666666666,0.8333333333333334
dJP1RDSrtDnSDCM2i23Wow,0.01,0.5,0.5
9sldtsoM9MFEyPEss0L9kA,0.0,0.0,NaN
YF3KmwYMeONIfX02OTxwFw,0.01,0.16666666666666666,0.8333333333333334
wAqiSluTMo_2T-dTN4Bozg,0.0,0.0,1.0
9pNcdrQLWWrX0vEGGJlEbg,0.11,0.22,0.78
o-yJdYdGSdWZVteh2hoQ3w,0.05,0.5555555555555556,0.4444444444444444
wUgRsMwL-BCreuMBgmFdWg,0.01,0.2,0.8
cp0zNS_4chviJdhrSbEdqA,0.04,0.4444444444444444,0.5555555555555556
BKiJK6elXpyHvQnaUr-HfA,0.02,0.25,0.75
-fQPzH-e-ubDIiLQhybEjQ,0.0,0.0,NaN
jfGevhcYLxY13Fa3drpzoA,0.0,0.0,NaN
UG4EKu13JRwzRix6ESINdg,0.0,0.0,1.0
KiwvYxl4NPyxo-hptrjZCQ,0.04,0.21052631578947367,0.7894736842105263
V2t_oLWYP1TPVdNQhk1L3Q,0.0,0.0,NaN
I9_Eevm2Be99teo5v9qNwg,0.01,0.5,0.5
skTNZm-PocYP9hu-KajqNQ,0.05,0.45454545454545453,0.5454545454545454
y5zqSJE-rFihsKmUZRbbRg,0.1,0.3125,0.6875
-nIVKbFxgBMHPVRJV2Djqw,0.08,0.3333333333333333,0.6666666666666666
3Y7KI-jzy8rMgzAxGgfNDQ,0.1,0.5555555555555556,0.4444444444444444
yrGIgk5eaWy-eewLNv4KHQ,0.0,0.0,NaN
c0cwsmq9LGkKW8RrlTVJjQ,0.0,0.0,1.0
3AV5ONopdwL5qKYW20SRdg,0.02,0.10526315789473684,0.8947368421052632
Sg0TMTIkaBXYGKMbEI2VnQ,0.0,0.0,NaN
-Oie56SGK0UeTV0J69Ixuw,0.04,0.12903225806451613,0.8709677419354839
7-AWd-scZgeANicAbg8H8Q,0.02,0.2222222222222222,0.7777777777777778
vLdqjcFMYlCwdVDkPo6hTw,0.02,0.1,0.9
9w-cC26Oe48rdzN1mh13sg,0.01,0.125,0.875
zFYs8gSUYDvXkb6O7YkRkw,0.03,0.3333333333333333,0.6666666666666666
niKu4se6xtf-ctlm0udr1w,0.01,0.14285714285714285,0.8571428571428571
RNI2SJkPGW9L4Wm2YSxcMw,0.01,0.1,0.9
uxR4jshIdy8mdAX7pCpSZg,0.0,0.0,1.0
BeMrTqigcLyK6LnVj5pugw,0.01,0.1111111111111111,0.8888888888888888
9nfVh6e4WVmBa1OQqgRTNw,0.03,0.15,0.85
yis0tDX83YnFLzUbKZ_KFg,0.04,0.3076923076923077,0.6923076923076923
-8rSnT5ztVk6vmTDkxTqsQ,0.05,0.5,0.5
SxvvrztdHI54Eywr-wo2aw,0.0,0.0,NaN
ZhqGf9IFlKQU5rCdswQ_0A,0.01,0.1,0.9
Eg5niduTCVnaIBzGmoLiVQ,0.0,0.0,1.0
1WMkREeVSBvXZ6QON44ucA,0.04,0.5714285714285714,0.42857142857142855
WE3juJ0iRPsQ6e18VynwDQ,0.03,0.17647058823529413,0.8235294117647058
Ij7OcAO5FpoNKxS1RzNoWw,0.0,0.0,NaN
NwPnvTALYMNZgdiwHHkuAQ,0.0,0.0,1.0
AoKTwYVgJHAJHUOUF2KgOg,0.01,0.25,0.75
a85qPvr6L63PF0v9Zs8ZAg,0.07,0.2916666666666667,0.7083333333333334
li7AtdY322dAqBGicsgL0g,0.0,0.0,NaN
jo60zrF4XcpgVdKl1IP6Sg,0.03,0.42857142857142855,0.5714285714285714
-SYiyzPXaWJe8XZGT-TqGQ,0.02,0.18181818181818182,0.8181818181818182
WdZXKWoC9OC72kkvHZhUgA,0.0,0.0,1.0
Gg9KjmpnDbn_UMKchUtdHw,0.0,0.0,NaN
B820kFgFc1HyTFIuMoWH-w,0.0,0.0,NaN
dtHhxDp8XspV_rOwGmhFEw,0.0,0.0,1.0
NWuFF7-HjYE9dvt_xGbEhw,0.0,0.0,NaN
LGSCqlNcHHv0cOF8u_eBxg,0.0,0.0,1.0
asL1d04xS3y8YQtU5ota-g,0.0,0.0,1.0
KZvcXtsdMbaQQ2DNGFwCjw,0.02,0.6666666666666666,0.3333333333333333
W0VE9M7Dikrpol8j1_QqyQ,0.05,0.16129032258064516,0.8387096774193549
9O7zwx1-myvPrWEjHMNizw,0.0,0.0,1.0
1Z8g8lyU6ILsItOKJmJmxQ,0.0,0.0,NaN
aMN80DrgGyk--Nf2Du9M9Q,0.0,0.0,NaN
XPZVfP7DQCSL3Nb9t2vxsA,0.03,0.17647058823529413,0.8235294117647058
FfAv2iM5wmFgmoXvLJ_JUA,0.01,1.0,0.0
0Bm2BA66nUSJtgpOI9XBPQ,0.0,0.0,NaN
GRQeDtlWc1LLbwMuxFESKw,0.0,0.0,NaN
1dfzvrCvSwsDPW4Wg9Opsw,0.01,0.1111111111111111,0.8888888888888888
nzoDnGgqbUS0HLUFXz6C-w,0.06,0.375,0.625
ygzPtkyH0mV1KfVynPE5Yg,0.0,0.0,NaN
XuuUQeBcibvbFvWyFhFz5Q,0.01,0.16666666666666666,0.8333333333333334
OF9G7kmQq7yJ691Iqf6BHw,0.0,0.0,1.0
m0Y9cnGMwIuqxQq92Z0YCQ,0.0,0.0,NaN
cTkwhMLSavNOO_swPKf-ZA,0.09,0.34615384615384615,0.6538461538461539
OvYN86BmZyP87SaTO7mHkQ,0.01,0.03333333333333333,0.9666666666666667
--Nnm_506G_p8MxAOQna5w,0.05,0.21739130434782608,0.782608695652174
GoARWqayYXgYsW1cKTi4Mg,0.05,0.17857142857142858,0.8214285714285714
IjWOxi19ijj88BKi3pCj9A,0.0,0.0,1.0
o7NMUfN_8HrSC6waZkLpKA,0.0,0.0,NaN
55e_HUm0WQ64rT0kIixiXA,0.0,0.0,NaN
T5Keo3p2T6iMWOhKgpEsug,0.0,0.0,NaN
NMG0Cq6-7qtC-2MxbWwgNQ,0.0,0.0,NaN
yU8ae_0ls8kFut5ZAQOvog,0.0,0.0,NaN
MzNJ_gbrAbmPrkb6rF4o8A,0.01,0.25,0.75
DzyBToexbfik0zt7ppky-Q,0.0,0.0,NaN
yH3Jyu5vRTAJ8uMAD2bLGQ,0.0,0.0,1.0
qN-Hw7ocriLHamOyCCrNzg,0.0,0.0,1.0
NlSgpNwRmf3ZVgJJjDTZQw,0.0,0.0,NaN
CyL4Nh9VHti5oIfcWevRIg,0.01,0.3333333333333333,0.6666666666666666
ZoaGfcb5U1RCZhBXpHYJBg,0.0,0.0,1.0
F78tJHr0qW6FsYBtWMmLpA,0.02,0.2,0.8
xwXw5HW3Y6Gr37V0KxX8sA,0.0,0.0,NaN
dqNRPhVGZXPzTWDFGQO0ew,0.0,0.0,NaN
5PDxvB-QQ5VgzukfZ0zlag,0.02,0.11764705882352941,0.8823529411764706
5ANQiGT0d0RWMJG1LCvNWA,0.0,0.0,NaN
gOYgSEbE-Z7cqGsgGW3LBg,0.1,0.2,0.8
9gZ4pQHdK6v8xMLig6EEFA,0.04,0.12903225806451613,0.8709677419354839
iCkgHkZZIcSGK5yIxAZhGg,0.03,0.1875,0.8125
NTeMyq3IRsJG3179m5AmGA,0.0,0.0,NaN
3GTA-I4rncD3zTg88VJqPA,0.02,0.2,0.8
np2cEu_LDw4R8Xg7sZK3zQ,0.0,0.0,NaN
hyJiSA9B91qAzRXvMus62A,0.01,0.1111111111111111,0.8888888888888888
GRJocDslz2yHCODF_c8ioA,0.03,0.2727272727272727,0.7272727272727273
qrjoN017IOJbcHWmKy7Wag,0.0,0.0,NaN
4DaYRzOMGcn2zoWkHLNBjA,0.0,0.0,NaN
L0IBmSMZwmJsnw0SrcFx9g,0.0,0.0,NaN
SaL1BUnJes5SCmqm5rufdQ,0.0,0.0,NaN
QGX5wOzqUxnfd8sePiNQWA,0.02,0.4,0.6
W9MPolPlUiUEXYfGnYiHEQ,0.0,0.0,1.0
3cC726zwgerKNNasnidAww,0.02,0.5,0.5
hZFzo6HD06gtj4J7O2ki_Q,0.01,0.1111111111111111,0.8888888888888888
I9B8lfpZZIcbsufNEfYHkQ,0.0,0.0,NaN
d5-_loBSM81yS4RaU72bug,0.04,0.2222222222222222,0.7777777777777778
HUN33bP2LofcZctrpOyKZQ,0.0,0.0,NaN
zll3LTwpmtnVV0ilH37ENQ,0.01,0.06666666666666667,0.9333333333333333
SfRsElsYGxIwuCjSNfNMjA,0.0,0.0,NaN
XPhKXWJCGyTTMNXQ_swZpQ,0.02,0.5,0.5
hf27xTME3EiCp6NL6VtWZQ,0.0,0.0,1.0
B0muVEQdT02pR7no_JmzOw,0.01,0.14285714285714285,0.8571428571428571
nOb2Z9ytzw9o8ClyH5_b7g,0.0,0.0,1.0
h2AML5vaZ_YNAnS_Q1oraQ,0.02,0.08333333333333333,0.9166666666666666
SRN-V8i46gxA3kHXsRD8OQ,0.0,0.0,1.0
SRK_sUnvRmMwfexoL_DLQA,0.05,0.18518518518518517,0.8148148148148148
lZq4yJbBv2DXCL0vsDFveQ,0.0,0.0,1.0
sxrkRI8Ncd8pysgkC_oLxA,0.02,0.2857142857142857,0.7142857142857143
-ajqjNKLQUtthACttISgvw,0.01,0.1111111111111111,0.8888888888888888
M9rRM6Eo5YbKLKMG5QiIPA,0.01,0.08333333333333333,0.9166666666666666
kc-rnN-ndnFTdHG4TfIgeQ,0.0,0.0,NaN
rKxcEeL7ar09x5TumBVhkg,0.0,0.0,NaN
TlVlPWyB7PyHFI0aXVDVhw,0.0,0.0,1.0
y5Ak9VZeYWjaX52lb1hjXQ,0.01,0.5,0.5
asU36VZTCvu6E40p8Bx2sw,0.08,0.42105263157894735,0.5789473684210527
UX28ep0annK4d4uBFB0R6w,0.0,0.0,1.0
hwFi27N7MTPH5MbUv-vRyw,0.01,0.2,0.8
nyFqLcDf5d8AHk3uvoZHnQ,0.0,0.0,NaN
eBytDMXhIcjfcCfXgL4pgQ,0.02,0.18181818181818182,0.8181818181818182
PGh1RQ55_lLi4A7LNZtMHg,0.0,0.0,NaN
9jA5_7o9V4m6i8ZRb4t6LA,0.01,0.14285714285714285,0.8571428571428571
Ix3S4HeKL_NNV-rrVIxngw,0.01,0.2,0.8
mecFyXln0N3twYCeiNy4pg,0.04,0.23529411764705882,0.7647058823529411
4cZ3f3i0Slv2W9mLN_VZBw,0.03,0.23076923076923078,0.7692307692307693
wcDhhBk1d0_lCdvB8sds1g,0.04,0.21052631578947367,0.7894736842105263
A6uuQp6f5OKYKJoTxeqCGA,0.0,0.0,NaN
PfpRvMAESbC2bC8FUIMdNg,0.01,0.06666666666666667,0.9333333333333333
B58QGMCVK2Ww3L_87xmP7Q,0.0,0.0,1.0
OyLtK_Q2I4Jw0rtfFnLfhg,0.0,0.0,NaN
TLpnu9BZNLTuB1ngxjnIpA,0.0,0.0,NaN
vOPnC4XPRSknykbxYIG8Hw,0.02,0.09523809523809523,0.9047619047619048
r9tjKaqLvLKF7PvDnUsFnA,0.03,0.3333333333333333,0.6666666666666666
XIWbu1y3MoqtdPqdglNUEg,0.02,0.2,0.8
pu_AQig2fw40PshvtgONPQ,0.01,0.25,0.75
9hMqNBBpTl3lBy6qCAyu-A,0.0,0.0,1.0
W7Nl3wEibJ5VgFlJLvPA4Q,0.0,0.0,NaN
5-ni6jRdBKI4I6ZVMpMIxQ,0.0,0.0,NaN
n5TbOFpspfiZKHuk5kdqnA,0.0,0.0,1.0
cJlBhBSc-_FJFa_ubY9P0A,0.03,0.5,0.5
bOsE3oqfD0TSiiJSUXF02A,0.0,0.0,1.0
CQ7tEwDL_5jpEJzDKKYv4Q,0.01,0.07142857142857142,0.9285714285714286
7kQa-CO8reE5jZirvN3zLQ,0.0,0.0,1.0
CwLEKnnODT2zSpqzsLojFw,0.0,0.0,1.0
2VhVWgmjlJ0V9S9V0S3buA,0.02,0.16666666666666666,0.8333333333333334
cgRKSmpD7dEWREKI_jZriw,0.0,0.0,NaN
-tQ3UVVdNBZBR_HOVFROzw,0.02,0.4,0.6
oun0mYYfNFFcTZLD3R-rmQ,0.0,0.0,NaN
uHZxYHgjxhXY7PS6g2rFsA,0.01,0.3333333333333333,0.6666666666666666
AiMqBqOlw6SFtfSeaIucLg,0.0,0.0,1.0
wHAxtj5Gbk9xywIJRrzcKQ,0.0,0.0,NaN
6rGVoAI0Bl8ZEbMNJWOK3w,0.04,0.36363636363636365,0.6363636363636364
DJ8G-IzmeX_euX6Vp02DQg,0.0,0.0,1.0
e6iCOIhtupBCiw-VwBvJ4A,0.08,0.19047619047619047,0.8095238095238095
hE1mG_hzS4nlp4_UmHe-eA,0.02,0.5,0.5
4bxhIKz9ePWqD93UkEjnbg,0.05,0.2777777777777778,0.7222222222222222
gxYsLtosNDh9EAoT87MD8g,0.0,0.0,1.0
1i3WvtGsIW8FGOFLvHHFMw,0.03,0.14285714285714285,0.8571428571428571
gScmsSCqBeFPp6q9yG5nmw,0.0,0.0,1.0
Gl9XFtwFgIifENxZKqRSfA,0.0,0.0,NaN
WWOiE3X0hNC7x2R7Q-xK1g,0.02,0.18181818181818182,0.8181818181818182
vEwiPjJwkOMLy9enwMEqVw,0.02,0.2857142857142857,0.7142857142857143
TUwexsShPlf1VA2Yy2YAPA,0.06,0.24,0.76
LmNnFHGvMxj0VQoGuJtX6Q,0.0,0.0,NaN
Ap0-JqUsibRaVSlTf_HqnA,0.02,0.2,0.8
fkaUBj5_Ca0uDNAroEo5Mw,0.0,0.0,NaN
gdILbvH1TqfZdF7QjE2L5w,0.0,0.0,1.0
l_7FtKIGjqYXagtDjVdN7g,0.0,0.0,1.0
6oJzbP6dqPYoaSuCNKaITw,0.02,0.13333333333333333,0.8666666666666667
QTZvgss0rIfPmauPaSj2nw,0.02,0.2857142857142857,0.7142857142857143
eixojNH5Ye_-OsIup8bUqQ,0.0,0.0,NaN
F-1ClQ8bSEp2T7NSnVYNRA,0.01,0.3333333333333333,0.6666666666666666
vgFDDMup4OZGZNuSqEw0mA,0.04,0.2222222222222222,0.7777777777777778
YzGQCUxpiN607wYX06x3BA,0.06,0.3,0.7
SvUtoAeyY3cJFKWSRK7Ukg,0.0,0.0,NaN
hl_IlKz9szkTJ61Jy9RDOA,0.0,0.0,NaN
qaqkOxupLgwvi-tfGgNyRg,0.0,0.0,NaN
7pMwrYo1SPyNPzsYrhtn4Q,0.01,1.0,0.0
HmTzV38RT8NL8erzRzWkag,0.01,0.16666666666666666,0.8333333333333334
fwasfCCwbxLjxLNhYLuF3Q,0.02,0.18181818181818182,0.8181818181818182
SUDX_enLkhX1XLf-km59AQ,0.0,0.0,NaN
eCc5bRw6hBsky6BKtYSP3g,0.0,0.0,NaN
l_ZWV8uvBVBKCvMNt7NtkQ,0.01,0.16666666666666666,0.8333333333333334
tWC-WDw5fl0kmGMuZ9CEfw,0.02,0.25,0.75
lKPUyA6DveoWk-3zFrHA9w,0.0,0.0,1.0
1VIuDm-PsXw7Yfd98UdYpQ,0.02,0.18181818181818182,0.8181818181818182
g7Nfe1nHrHmlTtkBwFr6hg,0.01,0.16666666666666666,0.8333333333333334
izryknWtwWVEEQdgFlnK9Q,0.0,0.0,1.0
diYbASjeqV4CxkoyeBeBGw,0.03,0.1875,0.8125
D6SEKcIne80A0AhwiEV2Rg,0.01,1.0,0.0
hVRpLwPfgRaU6sllAHpnAw,0.0,0.0,NaN
MMf0LhEk5tGa1LvN7zcDnA,0.14,0.1686746987951807,0.8313253012048193
J2TsIYthmYvzcmri0w0ytg,0.0,0.0,1.0
zNzeCh4mZPZsdGU1uV3z7w,0.01,0.125,0.875
zAE0KDld3sF3Y23viJsXww,0.01,0.25,0.75
mm55g049o2nj09b96Byxlg,0.0,0.0,1.0
zv-Q0B1YYPWdvOlmOLnUfA,0.0,0.0,1.0
dFLJSmWhGPsOh7AqnzF_yw,0.0,0.0,NaN
aOAqs5leMNiPSbszvE-_Cw,0.01,1.0,0.0
0mKUbIUXOvH0cHcGQ1KGqg,0.0,0.0,NaN
4l-qWnonmvTZcnPqhHmsPw,0.0,0.0,NaN
OgSkk8AjZpDfxJQxOZlT-w,0.0,0.0,NaN
MOgGz-iTr_vSz12S8bC4mA,0.01,0.25,0.75
G7vL7L42Vzr5cDPXeLpXfA,0.0,0.0,NaN
afCoTK0q_Y_UioCvKq_UQQ,0.0,0.0,NaN
cKx1zgbvtqpluSKySiZp_A,0.0,0.0,1.0
fKh192utZyTK4w1VmyAPqA,0.0,0.0,NaN
BvDI3EUPf1yJQJh-P7Uqjg,0.02,0.4,0.6
8m9q7KT9Bgw6qMjHBMb4YA,0.03,0.23076923076923078,0.7692307692307693
yGXKMV1omio1I_3qNLdtAA,0.0,0.0,1.0
gpGaRoTDuEMBIQbiMt2XDw,0.0,0.0,NaN
0A9i7xt77g1PYS7j219XcQ,0.0,0.0,1.0
ltIe_eGArzU8b48rKM6yQQ,0.0,0.0,NaN
N-WO-n6-AyVzdROSzhx5rA,0.02,0.1111111111111111,0.8888888888888888
LRki_2GO-IGTh-3IBOBOMg,0.05,0.19230769230769232,0.8076923076923077
4VmuXuSRhv5UxYUy3tMpiQ,0.0,0.0,NaN
igy-EDfo3OlJM0ko3UFHpQ,0.01,0.125,0.875
VK0BAk8NN3OPeSrb7cPaEA,0.0,0.0,1.0
abF9Emgog8H5AMDpnMGIig,0.02,0.4,0.6
7iljWwtMZPH6gjDY9DKa6Q,0.0,0.0,NaN
8Aj0YKThtXkSuauONIzYfQ,0.0,0.0,NaN
aKhv49qQ1A1MDvGZ-cVh7Q,0.01,1.0,0.0
iL_CR-WQnveqrff9LecqAQ,0.03,0.75,0.25
bDF4XoMF-bApT_YQD_duTg,0.03,0.3333333333333333,0.6666666666666666
FcVQPI-ulgIXJcl5580YeA,0.0,0.0,1.0
LaFPOJVEN0yuYCHDSg_WRg,0.0,0.0,1.0
JNFvVp0SzJK_dUDtDaAtEw,0.0,0.0,1.0
hMnVzdUPwloQ2OomQbrY_Q,0.03,0.16666666666666666,0.8333333333333334
HtCPdVujYJAZF4FKr-C9Lg,0.0,0.0,NaN
b3DYIU3TFc4gy9H_50_hUA,0.0,0.0,NaN
itbNfkDBCbRyXw5fvMABjw,0.05,0.29411764705882354,0.7058823529411765
KTK_ws8lu_TWfR7DtDWjMA,0.02,0.2857142857142857,0.7142857142857143
UNv2xtLw64-iaBPv5RSNTA,0.03,0.3333333333333333,0.6666666666666666
hVOstGtEn8zJmlxfr6JA6g,0.0,0.0,1.0
midS4e50ZmuOeGyNm3aoUg,0.0,0.0,NaN
alv_EJkNj1dpMVlwPdmIjQ,0.0,0.0,NaN
zJt2T50As1GdA80btgkWNw,0.0,0.0,NaN
QbDJB-4XAxn3BGwi6Rrzjw,0.01,0.03225806451612903,0.967741935483871
fr0Nen1J499HvNml3_6OYA,0.0,0.0,1.0
ZQsculZs_WMVFnBGQee1EQ,0.0,0.0,1.0
KcjLcdus-XWt6E9uJeHONA,0.01,0.2,0.8
kLkoY8Ibq56-b8amU2CtgA,0.01,0.1111111111111111,0.8888888888888888
7M1zIE6OzpySDlqLU6MnEg,0.03,0.375,0.625
oG34tQ9DhUrq_Jbm3Bs6aA,0.0,0.0,NaN
1fPiKjZhkGWLya1QLkwlhQ,0.0,0.0,1.0
uZjadWrDiw1Z2ZYbgCJHmQ,0.0,0.0,NaN
kNzzteRJy5jBOX8rM_uJOA,0.03,0.3,0.7
vnWKs2dgqDuR_yNI5qJG5g,0.03,0.25,0.75
nPXVprOV3ioobtAc_s7-CA,0.0,0.0,NaN
zx3y74_pvIRuQSVIrgzCew,0.03,0.2727272727272727,0.7272727272727273
cggzCuDDtfvtKFp2fnLzRQ,0.02,0.5,0.5
nGi8dtOFJl4KQVoYHJ2rVQ,0.0,0.0,1.0
5HmK6riLkciM0Xxo1ycNTg,0.13,0.30952380952380953,0.6904761904761905
vCNi_1IjJKFc-ih07FdEbw,0.0,0.0,1.0
pKn_H1nkgrwJS6TuHODsvQ,0.01,0.09090909090909091,0.9090909090909091
3IZC92G8kpoW0vBosH1i3w,0.02,0.2,0.8
1Mfy5sSBSAhIW1f1cxfb6g,0.0,0.0,NaN
t9lwePmlZ7Sl_wiw9SFSrQ,0.0,0.0,1.0
shlbFQOBPLmVN69ztxEr1w,0.01,0.14285714285714285,0.8571428571428571
CkM9FtxelvahpE9StyON3A,0.0,0.0,NaN
3D7Ie-Rmmhn1RzFrVieRZg,0.0,0.0,NaN
j_j4DLfvNkhCRNWC0VBS9g,0.02,0.4,0.6
RAeQit8R2rGFYKj7-RkiPw,0.0,0.0,NaN
5g5BjhARiZ4zw0SthMH0OQ,0.0,0.0,NaN
z-0oMxk_Xg1mhEAydCJ4KQ,0.0,0.0,NaN
tgofCn2y7e8lAQ_8y5k34g,0.0,0.0,NaN
2VOWNrWndTG-og33u5t7hg,0.01,0.25,0.75
nkgBdDDATgtfsyBxsFD2hg,0.0,0.0,1.0
Pj9YpaP0T7A_5S_PT8IpNg,0.01,0.07142857142857142,0.9285714285714286
kbfpED-6FURIsNlsAXqc2g,0.06,0.1111111111111111,0.8888888888888888
eA8WqJj_15lWURDwE6DsKQ,0.0,0.0,1.0
TSxpgqzG0u38CGyyLfSAAg,0.0,0.0,NaN
z_vJ-mcENl7aJfzUiIkHdA,0.0,0.0,NaN
